window_key,epoch_utc,volume_total,vol_spot_1m,vol_fut_1m,razao_spot,razao_fut,close_bot,close_spot,close_fut,ob_mid,basis_fut_bps,diff_spot_bps
1:1,2026-09-01T23:29:00.000Z,11.8634,11.9424,41.956,0.993385,0.282758,77368.9,77368.87,77339.8,77339.75,-0.0065,0.0039
1:2,2026-09-01T23:30:00.000Z,3.4848,3.48481,57.722,0.999997,0.060372,77396.8,77396.84,77360.0,77349.65,-1.3379,-0.0052
1:3,2026-09-01T23:31:00.000Z,7.6888,7.68883,104.274,0.999996,0.073737,77415.3,77415.31,77378.7,77375.25,-0.4459,-0.0013
1:4,2026-09-01T23:32:00.000Z,6.1392,6.13915,49.067,1.000008,0.125119,77384.0,77384.0,77340.3,77341.85,0.2004,0.0
1:5,2026-09-01T23:33:00.000Z,6.9848,6.98476,130.111,1.000006,0.053683,77448.8,77448.76,77410.3,77406.95,-0.4328,0.0052
1:6,2026-09-01T23:34:00.000Z,3.5106,3.51058,69.009,1.000006,0.050872,77465.0,77465.04,77426.4,77388.05,-4.9531,-0.0052
1:7,2026-09-01T23:35:00.000Z,4.4291,4.42907,70.535,1.000007,0.062793,77449.3,77449.3,77414.2,77420.95,0.8719,0.0
1:8,2026-09-01T23:36:00.000Z,9.1296,9.1296,102.277,1.0,0.089263,77484.0,77483.99,77449.8,77453.95,0.5358,0.0013
1:9,2026-09-01T23:37:00.000Z,12.271,12.27096,301.244,1.000003,0.040734,77580.0,77580.0,77548.3,77510.05,-4.9324,0.0
1:10,2026-09-01T23:38:00.000Z,6.7948,6.79483,148.315,0.999996,0.045813,77544.5,77544.45,77508.6,77508.65,0.0065,0.0064
1:11,2026-09-01T23:39:00.000Z,2.7665,2.76651,41.184,0.999996,0.067174,77532.0,77532.0,77488.2,77483.35,-0.6259,0.0
1:12,2026-09-01T23:40:00.000Z,4.9496,4.9496,50.35,1.0,0.098304,77511.5,77511.45,77477.0,77477.05,0.0065,0.0065
1:13,2026-09-01T23:41:00.000Z,7.2236,7.22356,34.449,1.000006,0.20969,77537.1,77537.06,77502.1,77507.35,0.6774,0.0052
1:14,2026-09-01T23:42:00.000Z,5.8793,5.87931,109.611,0.999998,0.053638,77555.1,77555.1,77520.8,77524.55,0.4837,0.0
1:15,2026-09-01T23:43:00.000Z,2.5162,2.51618,48.478,1.000008,0.051904,77542.1,77542.12,77504.6,77502.45,-0.2774,-0.0026
1:16,2026-09-01T23:44:00.000Z,10.4596,10.45961,28.726,0.999999,0.364116,77525.7,77525.73,77495.3,77502.45,0.9226,-0.0039
1:17,2026-09-01T23:45:00.000Z,3.7496,3.74957,19.502,1.000008,0.192267,77537.5,77537.5,77504.6,77501.25,-0.4322,0.0
1:18,2026-09-01T23:46:00.000Z,10.4802,10.48019,91.902,1.000001,0.114037,77490.0,77490.02,77453.8,77453.75,-0.0065,-0.0026
1:19,2026-09-01T23:47:00.000Z,28.2071,28.20707,87.869,1.000001,0.321013,77510.0,77510.0,77477.0,77476.95,-0.0065,0.0
1:20,2026-09-01T23:48:00.000Z,6.2085,6.20854,50.894,0.999994,0.121989,77531.1,77531.06,77498.3,77512.05,1.7742,0.0052
1:21,2026-09-01T23:49:00.000Z,19.86165,19.86165,273.651,1.0,0.07258,77601.36,77601.36,77573.3,77550.25,-2.9714,0.0
1:22,2026-09-01T23:50:00.000Z,2.537,2.537,80.341,1.0,0.031578,77574.0,77574.01,77530.6,77547.35,2.1604,-0.0013
1:23,2026-09-01T23:51:00.000Z,5.5022,5.50222,51.268,0.999996,0.107322,77556.0,77556.01,77514.3,77507.35,-0.8966,-0.0013
1:24,2026-09-01T23:52:00.000Z,27.57845,27.57845,814.921,1.0,0.033842,77474.01,77474.01,77430.7,77449.75,2.4603,0.0
1:25,2026-09-01T23:53:00.000Z,3.8239,3.82388,32.147,1.000005,0.11895,77486.7,77486.73,77450.1,77448.35,-0.226,-0.0039
1:26,2026-09-01T23:54:00.000Z,1.4631,1.4631,21.97,1.0,0.066595,77477.9,77477.87,77437.0,77432.95,-0.523,0.0039
1:27,2026-09-01T23:55:00.000Z,3.1825,3.18245,35.204,1.000016,0.090402,77472.5,77472.48,77433.1,77429.05,-0.523,0.0026
1:28,2026-09-01T23:56:00.000Z,3.7083,3.70825,23.986,1.000013,0.154603,77456.3,77456.34,77414.4,77414.45,0.0065,-0.0052
1:29,2026-09-01T23:57:00.000Z,13.3144,13.31437,40.972,1.000002,0.324963,77418.0,77418.01,77378.0,77387.65,1.2471,-0.0013
1:30,2026-09-01T23:58:00.000Z,5.8819,5.88189,27.022,1.000002,0.217671,77450.0,77450.0,77415.0,77415.05,0.0065,0.0
1:31,2026-09-01T23:59:00.000Z,0.6995,0.69951,17.381,0.999986,0.040245,77450.0,77449.99,77406.3,77413.05,0.872,0.0013
1:32,2026-09-02T00:00:00.000Z,1.2202,1.22024,24.143,0.999967,0.050541,77439.0,77439.0,77400.1,77415.75,2.022,0.0
1:33,2026-09-02T00:01:00.000Z,14.3523,14.35227,261.01,1.000002,0.054988,77489.7,77489.73,77461.8,77461.75,-0.0065,-0.0039
1:34,2026-09-02T00:02:00.000Z,5.7436,5.74356,68.424,1.000007,0.083941,77454.0,77454.01,77423.1,77415.95,-0.9235,-0.0013
1:35,2026-09-02T00:03:00.000Z,1.9501,1.95014,58.279,0.999979,0.033461,77432.5,77432.47,77393.5,77379.05,-1.8671,0.0039
1:36,2026-09-02T00:04:00.000Z,6.3961,6.39605,93.172,1.000008,0.068648,77429.7,77429.66,77397.2,77400.85,0.4716,0.0052
1:37,2026-09-02T00:05:00.000Z,9.4685,9.46845,63.862,1.000005,0.148265,77450.2,77450.16,77413.8,77425.05,1.4532,0.0052
1:38,2026-09-02T00:06:00.000Z,8.235,8.23496,30.334,1.000005,0.271478,77440.0,77440.01,77404.4,77394.15,-1.3242,-0.0013
1:39,2026-09-02T00:07:00.000Z,6.6089,6.6089,45.95,1.0,0.143828,77410.0,77410.01,77375.7,77390.95,1.9709,-0.0013
1:40,2026-09-02T00:08:00.000Z,5.0618,5.06182,29.988,0.999996,0.168794,77420.1,77420.09,77385.0,77385.05,0.0065,0.0013
1:41,2026-09-02T00:09:00.000Z,11.8741,11.8741,67.587,1.0,0.175686,77406.6,77406.63,77372.0,77371.95,-0.0065,-0.0039
1:42,2026-09-02T00:10:00.000Z,11.4051,11.40506,22.236,1.000004,0.512911,77400.0,77400.0,77360.6,77360.45,-0.0194,0.0
1:43,2026-09-02T00:11:00.000Z,14.3368,14.33676,37.806,1.000003,0.37922,77393.4,77393.39,77360.6,77360.55,-0.0065,0.0013
1:44,2026-09-02T00:12:00.000Z,3.4554,3.45536,14.562,1.000012,0.237289,77381.7,77381.65,77340.0,77333.45,-0.8469,0.0065
1:45,2026-09-02T00:13:00.000Z,8.0104,8.01041,45.631,0.999999,0.175547,77368.4,77368.43,77339.1,77339.05,-0.0065,-0.0039
1:46,2026-09-02T00:14:00.000Z,4.1759,4.1759,24.034,1.0,0.17375,77400.0,77400.0,77370.1,77370.05,-0.0065,0.0
1:47,2026-09-02T00:15:00.000Z,13.5922,13.59219,16.22,1.000001,0.83799,77397.0,77397.03,77362.9,77373.65,1.3896,-0.0039
1:48,2026-09-02T00:16:00.000Z,6.4674,6.46735,42.313,1.000008,0.152847,77418.0,77418.01,77376.7,77386.65,1.2859,-0.0013
1:49,2026-09-02T00:17:00.000Z,4.1403,4.14032,13.486,0.999995,0.307007,77397.0,77397.02,77366.1,77383.65,2.2684,-0.0026
1:50,2026-09-02T00:18:00.000Z,3.835,3.83496,17.481,1.00001,0.219381,77439.5,77439.45,77409.9,77411.85,0.2519,0.0065
1:51,2026-09-02T00:19:00.000Z,3.7238,3.72378,39.729,1.000005,0.09373,77460.0,77460.0,77434.3,77401.05,-4.294,0.0
1:52,2026-09-02T00:20:00.000Z,5.475,5.475,51.831,1.0,0.105632,77398.9,77398.85,77364.1,77356.85,-0.9371,0.0065
1:53,2026-09-02T00:21:00.000Z,3.0538,3.05375,28.587,1.000016,0.106825,77374.0,77374.01,77346.9,77346.85,-0.0065,-0.0013
1:54,2026-09-02T00:22:00.000Z,0.7667,0.76666,17.497,1.000052,0.043819,77370.2,77370.18,77331.0,77331.05,0.0065,0.0026
1:55,2026-09-02T00:23:00.000Z,12.2858,12.28579,93.421,1.000001,0.13151,77444.4,77444.44,77407.7,77391.85,-2.0476,-0.0052
1:56,2026-09-02T00:24:00.000Z,4.0584,4.05835,25.889,1.000012,0.156762,77406.1,77406.07,77374.5,77373.15,-0.1745,0.0039
1:57,2026-09-02T00:25:00.000Z,1.8715,1.87153,8.637,0.999984,0.216684,77400.0,77400.0,77365.1,77365.15,0.0065,0.0
1:58,2026-09-02T00:26:00.000Z,3.78,3.77996,30.894,1.000011,0.122354,77358.1,77358.14,77325.4,77325.45,0.0065,-0.0052
1:59,2026-09-02T00:27:00.000Z,3.3029,3.30292,21.53,0.999994,0.153409,77354.1,77354.08,77320.6,77317.95,-0.3427,0.0026
1:60,2026-09-02T00:28:00.000Z,6.1343,6.13428,102.86,1.000003,0.059637,77313.6,77313.62,77276.0,77273.55,-0.317,-0.0026
1:61,2026-09-02T00:29:00.000Z,4.3519,4.35194,61.497,0.999991,0.070766,77304.7,77304.65,77267.6,77263.95,-0.4724,0.0065
1:62,2026-09-02T00:30:00.000Z,9.5127,9.51272,148.594,0.999998,0.064018,77262.9,77262.9,77227.6,77227.65,0.0065,0.0
1:63,2026-09-02T00:31:00.000Z,6.5063,6.50628,82.303,1.000003,0.079053,77262.7,77262.69,77227.8,77236.75,1.1589,0.0013
1:64,2026-09-02T00:32:00.000Z,6.4566,6.45655,56.874,1.000008,0.113525,77322.0,77321.99,77287.6,77287.65,0.0065,0.0013
1:65,2026-09-02T00:33:00.000Z,6.018,6.018,31.606,1.0,0.190407,77338.2,77338.22,77306.5,77290.35,-2.0891,-0.0026
1:66,2026-09-02T00:34:00.000Z,3.5278,3.52782,26.733,0.999994,0.131964,77306.0,77306.01,77269.2,77274.45,0.6794,-0.0013
1:67,2026-09-02T00:35:00.000Z,4.7542,4.75416,34.402,1.000008,0.138195,77254.0,77254.01,77221.1,77221.35,0.0324,-0.0013
1:68,2026-09-02T00:36:00.000Z,6.5069,6.5069,22.897,1.0,0.284181,77276.6,77276.58,77248.9,77248.85,-0.0065,0.0026
1:69,2026-09-02T00:37:00.000Z,2.4237,2.4237,34.445,1.0,0.070364,77234.0,77234.0,77195.1,77199.05,0.5117,0.0
1:70,2026-09-02T00:38:00.000Z,4.7631,4.76307,40.507,1.000006,0.117587,77247.6,77247.56,77215.0,77214.95,-0.0065,0.0052
1:71,2026-09-02T00:39:00.000Z,8.3618,8.36176,98.078,1.000005,0.085257,77174.3,77174.25,77143.4,77129.35,-1.8213,0.0065
1:72,2026-09-02T00:40:00.000Z,16.4853,16.48528,91.654,1.000001,0.179864,77207.1,77207.09,77177.3,77172.95,-0.5636,0.0013
1:73,2026-09-02T00:41:00.000Z,7.3267,7.32672,73.231,0.999997,0.100049,77151.6,77151.57,77111.1,77117.85,0.8754,0.0039
1:74,2026-09-02T00:42:00.000Z,10.9584,10.95838,323.945,1.000002,0.033828,77145.4,77145.39,77114.4,77120.35,0.7716,0.0013
1:75,2026-09-02T00:43:00.000Z,5.654,5.65397,62.835,1.000005,0.089982,77197.8,77197.78,77169.5,77178.35,1.1468,0.0026
