meta_row_id,meta_session,meta_janela_numero,meta_window_key,meta_tipo_evento,meta_event_id,meta_symbol,meta_epoch_ms,meta_timestamp_utc,raw_preco_fechamento,raw_volume_total,raw_volume_compra,raw_volume_venda,raw_delta,raw_num_trades,raw_duracao_segundos,raw_duracao_source,raw_btc_per_second,raw_btc_per_trade,raw_open,raw_high,raw_low,raw_close,raw_vwap,ob_mid,ob_bid,ob_ask,ob_spread,ob_spread_percent,ob_spread_bps,ob_bid_depth_usd,ob_ask_depth_usd,ob_imbalance,ob_flow_imbalance,ob_volume_ratio,ob_bias_score,ob_consolidated_bias_score,ob_latency_ms,ob_latency_category,ob_exchange_ms,ob_age_ms,ob_l1_bid_usd,ob_l1_ask_usd,ob_l1_flow_imbalance,ob_total_depth_ratio,ob_spread_percentile,ob_wall_bid_0_price,ob_wall_bid_0_qty,ob_wall_ask_0_price,ob_wall_ask_0_qty,ob_wall_bid_1_price,ob_wall_bid_1_qty,ob_wall_ask_1_price,ob_wall_ask_1_qty,ob_wall_bid_2_price,ob_wall_bid_2_qty,ob_wall_ask_2_price,ob_wall_ask_2_qty,flow_cvd,flow_whale_buy,flow_whale_sell,flow_whale_delta,flow_retail_delta,flow_mid_delta,flow_whale_sector_delta,flow_bursts_count,flow_heatmap_clusters_count,flow_whale_score,flow_whale_bias,flow_iceberg_activity,flow_hidden_orders_count,sr_poc,sr_val,sr_vah,sr_dist_to_poc_bps,sr_dist_to_val_bps,sr_dist_to_vah_bps,sr_dz_0_price,sr_dz_0_side,sr_dz_0_strength,sr_dz_0_sources,sr_dz_1_price,sr_dz_1_side,sr_dz_1_strength,sr_dz_1_sources,sr_dz_2_price,sr_dz_2_side,sr_dz_2_strength,sr_dz_2_sources,sr_dz_3_price,sr_dz_3_side,sr_dz_3_strength,sr_dz_3_sources,sr_dz_4_price,sr_dz_4_side,sr_dz_4_strength,sr_dz_4_sources,inst_status,inst_quality_score,inst_completeness_pct,inst_reliability_score,data_quality_total_trades,data_quality_invalid_trades,data_quality_valid_rate_pct,data_quality_latency_ms,ml_prob_up,ml_prob_down,ml_volatility_regime,ml_volatility_percentile
1,1,,1:none,ANALYSIS_TRIGGER,e6b99bee,BTCUSDT,1788304340078,2026-09-01T23:12:20.078+00:00,77500.0,10.5,,,2.3,,,missing,,,,,,,,,,,,,,,,,,,,,,,,,,,,,,,,,,,,,,,,,,,,,,,,,0,0,,,False,,,,,,,,,,,,,,,,,,,,,,,,,,,,,,,,,,,,,,,
2,1,1.0,1:1,ANALYSIS_TRIGGER,49996b14,BTCUSDT,1788305340000,2026-09-01T23:29:00.000Z,77368.9,11.8634,11.5135,0.3499,11.1637,1726.0,50.984,contextual_snapshot.ohlc.(close_time-open_time),0.23268868664679115,0.006873348783314021,77328.2,77377.5,77328.2,77368.9,77359.5,77339.75,77339.7,77339.8,0.1,0.000129,0.0129,1173734.72,545566.79,0.3654,0.3654,2.1514,,0.7247,11426.0,POOR,1788305345087.0,-5087.0,282289.9,298995.67,-0.0287,1.56,50.0,77339.7,3.65,77339.8,3.866,77333.9,3.98,,,,,,,11.19752,1.39361,0.0,1.39361,8.65374,1.15017,1.39361,0,1,26.0,ACCUMULATING,True,0.0,77691.0,77326.0,78528.0,-41.63,5.54,-149.81,77319.78,buy,69.0,"vp_hvn,orderbook_bid_wall,ema_21_15m,vp_val",77709.91,sell,62.0,"vp_poc,vp_hvn,val_weekly,ema_21_1h",78607.82,sell,53.0,"pivot_daily_close,vp_hvn,pivot_weekly_pivot",74098.81,buy,46.0,"ema_21_1d,pivot_monthly_pivot",78458.0,sell,44.0,"vp_hvn,vp_vah",ok,8.75,100.0,7.5,,,,11426.0,,,NORMAL,
3,1,2.0,1:2,ANALYSIS_TRIGGER,caf369fa,BTCUSDT,1788305400000,2026-09-01T23:30:00.000Z,77396.8,3.4848,2.9836,0.5012,2.4824,1483.0,59.568,contextual_snapshot.ohlc.(close_time-open_time),0.058501208702659145,0.0023498314227916386,77368.9,77396.8,77368.9,77396.8,77381.8,77349.65,77349.6,77349.7,0.1,0.000129,0.0129,781741.88,3035273.69,-0.5904,-0.5904,0.2576,,0.2486,8370.0,POOR,1788305407613.0,-7613.0,204899.09,1363984.61,-0.7388,0.116,50.0,77349.6,2.649,77349.7,17.634,77345.4,1.208,,,77345.3,3.901,,,13.4604,1.39361,0.0,1.39361,10.34662,1.72017,1.39361,0,1,11.0,ACCUMULATING,True,0.0,77691.0,77326.0,78528.0,-38.01,9.15,-146.16,77660.32,sell,56.0,"vp_poc,vp_hvn,val_weekly",77344.67,buy,54.0,"vp_hvn,ema_21_15m,vp_val",78607.82,sell,53.0,"pivot_daily_close,vp_hvn,pivot_weekly_pivot",77526.61,sell,52.0,"orderbook_ask_wall,vp_hvn,pivot_daily_s1",74098.81,buy,46.0,"ema_21_1d,pivot_monthly_pivot",ok,8.75,100.0,7.5,,,,8370.0,,,NORMAL,
4,1,3.0,1:3,ANALYSIS_TRIGGER,c0fea6b3,BTCUSDT,1788305460000,2026-09-01T23:31:00.000Z,77415.3,7.6888,6.4303,1.2585,5.1717,1790.0,59.067,contextual_snapshot.ohlc.(close_time-open_time),0.130170822963753,0.004295418994413408,77396.8,77433.4,77384.6,77415.3,77413.2,77375.25,77375.2,77375.3,0.1,0.000129,0.0129,160312.09,3187276.66,-0.9042,-0.9042,0.0503,,0.1338,6181.0,POOR,1788305465445.0,-5445.0,22438.81,1705815.86,-0.974,0.013,50.0,77375.2,0.29,77375.3,22.046,77370.4,0.485,,,77368.8,0.525,,,18.03251,1.39361,0.0,1.39361,14.40952,2.22938,1.39361,0,1,5.0,NEUTRAL,True,0.0,77691.0,77326.0,78528.0,-35.61,11.54,-143.73,77681.18,sell,56.0,"vp_poc,vp_hvn,val_weekly",77344.67,buy,54.0,"vp_hvn,ema_21_15m,vp_val",78607.82,sell,53.0,"pivot_daily_close,vp_hvn,pivot_weekly_pivot",77540.02,sell,51.0,"orderbook_ask_wall,vp_hvn,pivot_daily_s1",74098.81,buy,46.0,"ema_21_1d,pivot_monthly_pivot",ok,9.5,100.0,9.0,,,,6181.0,,,NORMAL,
5,1,4.0,1:4,ANALYSIS_TRIGGER,d93172d3,BTCUSDT,1788305520000,2026-09-01T23:32:00.000Z,77384.0,6.1392,3.3545,2.7847,0.5697,965.0,59.824,contextual_snapshot.ohlc.(close_time-open_time),0.1026210216635464,0.006361865284974093,77415.3,77415.3,77384.0,77384.0,77404.7,77341.85,77341.8,77341.9,0.1,0.000129,0.0129,2534603.54,681017.35,0.5764,0.5764,3.7218,,0.8729,6459.0,POOR,1788305525627.0,-5627.0,1279852.11,255924.35,0.6667,3.989,50.0,77341.8,16.548,77341.9,3.309,77341.3,3.9,77344.7,2.286,77337.1,3.906,77347.5,2.123,19.2299,1.39361,0.0,1.39361,15.60691,2.22938,1.39361,0,1,43.0,ACCUMULATING,True,0.0,77691.0,77326.0,78528.0,-39.67,7.5,-147.83,77338.33,buy,67.0,"vp_hvn,orderbook_bid_wall,ema_21_15m,vp_val",77681.18,sell,56.0,"vp_poc,vp_hvn,val_weekly",78607.82,sell,53.0,"pivot_daily_close,vp_hvn,pivot_weekly_pivot",74098.81,buy,46.0,"ema_21_1d,pivot_monthly_pivot",78458.0,sell,44.0,"vp_hvn,vp_vah",ok,9.5,100.0,9.0,,,,6459.0,,,NORMAL,
6,1,5.0,1:5,ANALYSIS_TRIGGER,681cdcca,BTCUSDT,1788305580000,2026-09-01T23:33:00.000Z,77448.8,6.9848,5.5537,1.4311,4.1226,2873.0,59.329,contextual_snapshot.ohlc.(close_time-open_time),0.11772994656913145,0.002431186912634876,77384.0,77450.0,77384.0,77448.8,77426.7,77406.95,77406.9,77407.0,0.1,0.000129,0.0129,2995923.07,423428.52,0.7523,0.7523,7.0754,,0.9257,7507.0,POOR,1788305586488.0,-6488.0,2051824.7,266589.71,0.77,7.512,0.0,77406.9,26.507,77407.0,3.444,77404.0,3.902,,,,,,,23.52409,1.39361,0.0,1.39361,19.9011,2.22938,1.39361,0,1,39.0,ACCUMULATING,True,0.0,77691.0,77326.0,78528.0,-31.27,15.86,-139.34,77351.73,buy,67.0,"vp_hvn,orderbook_bid_wall,ema_21_15m,vp_val",77681.18,sell,56.0,"vp_poc,vp_hvn,val_weekly",78607.82,sell,54.0,"pivot_daily_close,vp_hvn,pivot_weekly_pivot",74098.81,buy,46.0,"ema_21_1d,pivot_monthly_pivot",78458.0,sell,44.0,"vp_hvn,vp_vah",ok,9.5,100.0,9.0,,,,7507.0,,,NORMAL,
7,1,6.0,1:6,ANALYSIS_TRIGGER,dec1e46b,BTCUSDT,1788305640000,2026-09-01T23:34:00.000Z,77465.0,3.5106,2.5555,0.9551,1.6004,1929.0,59.31,contextual_snapshot.ohlc.(close_time-open_time),0.05919069296914517,0.0018199066874027994,77448.8,77470.0,77448.8,77465.0,77460.2,77388.05,77388.0,77388.1,0.1,0.000129,0.0129,907664.91,2101009.22,-0.3966,-0.3966,0.432,,0.3242,14053.0,POOR,1788305647370.0,-7370.0,306998.2,793382.8,-0.442,0.47,0.0,77388.0,3.967,77388.1,10.252,77386.6,3.898,,,,,,,24.33121,1.39361,0.0,1.39361,20.70822,2.22938,1.39361,0,1,18.0,ACCUMULATING,False,0.0,77691.0,77326.0,78528.0,-29.17,17.94,-137.22,77681.18,sell,56.0,"vp_poc,vp_hvn,val_weekly",77347.8,buy,54.0,"vp_hvn,ema_21_15m,vp_val",78607.82,sell,54.0,"pivot_daily_close,vp_hvn,pivot_weekly_pivot",77547.13,sell,53.0,"orderbook_ask_wall,vp_hvn,pivot_daily_s1",74098.81,buy,46.0,"ema_21_1d,pivot_monthly_pivot",ok,9.75,100.0,9.5,,,,14053.0,,,NORMAL,
8,1,7.0,1:7,ANALYSIS_TRIGGER,130049a0,BTCUSDT,1788305700000,2026-09-01T23:35:00.000Z,77449.3,4.4291,2.8752,1.5539,1.3213,1790.0,57.961,contextual_snapshot.ohlc.(close_time-open_time),0.07641517572160592,0.0024743575418994415,77465.0,77465.0,77426.0,77449.3,77439.2,77420.95,77420.9,77421.0,0.1,0.000129,0.0129,986460.82,2049216.08,-0.3501,-0.3501,0.4814,,0.3431,13861.0,POOR,1788305712918.0,-12918.0,341735.85,711266.73,-0.3509,0.405,0.0,77420.9,4.414,77421.0,9.187,77417.0,4.555,77427.2,4.33,,,,,27.91712,1.39361,0.0,1.39361,24.29413,2.22938,1.39361,0,1,22.0,ACCUMULATING,False,0.0,77691.0,77326.0,78528.0,-31.21,15.92,-139.28,77681.18,sell,56.0,"vp_poc,vp_hvn,val_weekly",77348.81,buy,54.0,"vp_hvn,ema_21_15m,vp_val",77544.88,sell,54.0,"orderbook_ask_wall,vp_hvn,pivot_daily_s1",78607.82,sell,54.0,"pivot_daily_close,vp_hvn,pivot_weekly_pivot",74098.81,buy,46.0,"ema_21_1d,pivot_monthly_pivot",ok,9.75,100.0,9.5,,,,13861.0,,,NORMAL,
9,1,8.0,1:8,ANALYSIS_TRIGGER,18995e0b,BTCUSDT,1788305760000,2026-09-01T23:36:00.000Z,77484.0,9.1296,5.9404,3.1892,2.7513,3774.0,58.966,contextual_snapshot.ohlc.(close_time-open_time),0.15482820608486245,0.0024190779014308427,77449.3,77486.7,77443.4,77484.0,77462.1,77453.95,77453.9,77454.0,0.1,0.000129,0.0129,575141.25,2719247.87,-0.6508,-0.6508,0.2115,,0.2259,7863.0,POOR,1788305767062.0,-7062.0,202387.04,1428174.31,-0.7518,0.139,0.0,77453.9,2.613,77454.0,18.439,,,,,,,,,29.38569,1.39361,0.0,1.39361,25.7627,2.22938,1.39361,0,1,16.0,ACCUMULATING,True,0.0,77691.0,77326.0,78528.0,-26.72,20.39,-134.74,77681.18,sell,56.0,"vp_poc,vp_hvn,val_weekly",77348.81,buy,54.0,"vp_hvn,ema_21_15m,vp_val",77549.85,sell,54.0,"orderbook_ask_wall,vp_hvn,pivot_daily_s1",78607.82,sell,54.0,"pivot_daily_close,vp_hvn,pivot_weekly_pivot",74098.81,buy,46.0,"ema_21_1d,pivot_monthly_pivot",ok,9.5,100.0,9.0,,,,7863.0,,,NORMAL,
10,1,9.0,1:9,ANALYSIS_TRIGGER,61a163d1,BTCUSDT,1788305820000,2026-09-01T23:37:00.000Z,77580.0,12.271,10.4245,1.8465,8.578,5736.0,59.645,contextual_snapshot.ohlc.(close_time-open_time),0.20573392572721938,0.0021392956764295676,77484.0,77580.0,77484.0,77580.0,77523.4,77510.05,77510.0,77510.1,0.1,0.000129,0.0129,425906.63,2032827.98,-0.6536,-0.6536,0.2095,,0.2249,12948.0,POOR,1788305830869.0,-10869.0,246559.31,1286047.58,-0.6782,0.166,0.0,77510.0,3.181,77510.1,16.592,77506.0,0.736,77516.4,3.039,77504.5,0.903,,,37.11395,1.39361,0.0,1.39361,33.49096,2.22938,1.39361,0,1,9.0,NEUTRAL,False,0.0,77691.0,77326.0,78528.0,-14.31,32.74,-122.2,77678.23,sell,67.0,"orderbook_ask_wall,vp_hvn,val_weekly,vp_poc",77350.05,buy,54.0,"vp_hvn,ema_21_15m,vp_val",78607.82,sell,54.0,"pivot_daily_close,vp_hvn,pivot_weekly_pivot",74098.81,buy,46.0,"ema_21_1d,pivot_monthly_pivot",78458.0,sell,44.0,"vp_hvn,vp_vah",ok,9.5,100.0,9.0,,,,12948.0,,,NORMAL,
11,1,10.0,1:10,ANALYSIS_TRIGGER,722d8322,BTCUSDT,1788305880000,2026-09-01T23:38:00.000Z,77544.5,6.7948,4.3006,2.4942,1.8063,1435.0,59.581,contextual_snapshot.ohlc.(close_time-open_time),0.11404306742082207,0.004735052264808363,77580.0,77580.0,77542.0,77544.5,77555.7,77508.65,77508.6,77508.7,0.1,0.000129,0.0129,2714412.28,611707.88,0.6322,0.6322,4.4374,,0.8897,7086.0,POOR,1788305886348.0,-6348.0,620378.83,424437.64,0.1875,2.827,0.0,77508.6,8.004,77508.7,5.476,77505.1,6.059,77514.0,1.002,77505.0,14.436,,,39.283,1.39361,0.0,1.39361,35.15363,2.73576,1.39361,0,1,38.0,ACCUMULATING,True,0.0,77691.0,77326.0,78528.0,-18.89,28.18,-126.83,77525.4,buy,56.0,"vp_hvn,pivot_daily_s1,orderbook_bid_wall",77660.32,sell,56.0,"vp_poc,vp_hvn,val_weekly",77350.05,buy,54.0,"vp_hvn,ema_21_15m,vp_val",78607.82,sell,54.0,"pivot_daily_close,vp_hvn,pivot_weekly_pivot",74098.81,buy,46.0,"ema_21_1d,pivot_monthly_pivot",ok,9.5,100.0,9.0,,,,7086.0,,,NORMAL,
12,1,11.0,1:11,ANALYSIS_TRIGGER,c32bc812,BTCUSDT,1788305940000,2026-09-01T23:39:00.000Z,77532.0,2.7665,0.4979,2.2686,-1.7707,510.0,58.288,contextual_snapshot.ohlc.(close_time-open_time),0.04746259950590174,0.005424509803921569,77544.4,77544.5,77532.0,77532.0,77542.5,77483.35,77483.3,77483.4,0.1,0.000129,0.0129,1264026.43,1524875.52,-0.0935,-0.0935,0.8289,,0.4548,7701.0,POOR,1788305946969.0,-6969.0,586936.0,163412.49,0.5644,0.51,0.0,77483.3,7.575,,,77478.8,3.901,,,,,,,37.54087,1.39361,0.0,1.39361,34.02519,2.12207,1.39361,0,1,2.0,NEUTRAL,True,0.0,77691.0,77326.0,78528.0,-20.51,26.57,-128.46,77681.18,sell,57.0,"vp_poc,vp_hvn,val_weekly",77351.31,buy,54.0,"vp_hvn,ema_21_15m,vp_val",78607.82,sell,54.0,"pivot_daily_close,vp_hvn,pivot_weekly_pivot",77556.71,sell,49.0,"orderbook_ask_wall,vp_hvn,pivot_daily_s1",78458.0,sell,44.0,"vp_hvn,vp_vah",ok,9.5,100.0,9.0,,,,7701.0,,,NORMAL,
13,1,12.0,1:12,ANALYSIS_TRIGGER,f494972d,BTCUSDT,1788306000000,2026-09-01T23:40:00.000Z,77511.5,4.9496,0.1748,4.7749,-4.6001,683.0,58.283,contextual_snapshot.ohlc.(close_time-open_time),0.08492356261688658,0.007246852122986823,77532.0,77532.0,77511.4,77511.5,77516.5,77477.05,77477.0,77477.1,0.1,0.000129,0.0129,1032292.29,763792.08,0.1495,0.1495,1.3515,,0.58,11819.0,POOR,1788306006324.0,-6324.0,808007.63,229099.78,0.5582,1.321,0.0,77477.0,10.429,77477.1,2.957,,,77480.1,3.69,,,,,33.18332,1.39361,0.0,1.39361,29.66764,2.12207,1.39361,0,1,-4.0,NEUTRAL,True,0.0,77691.0,77326.0,78528.0,-23.16,23.93,-131.14,77365.09,buy,63.0,"vp_hvn,orderbook_bid_wall,ema_21_15m,vp_val",77681.18,sell,57.0,"vp_poc,vp_hvn,val_weekly",78607.82,sell,54.0,"pivot_daily_close,vp_hvn,pivot_weekly_pivot",78458.0,sell,44.0,"vp_hvn,vp_vah",77547.91,sell,43.0,"vp_hvn,pivot_daily_s1",ok,8.75,100.0,7.5,,,,11819.0,,,NORMAL,
14,1,13.0,1:13,ANALYSIS_TRIGGER,9bc532cd,BTCUSDT,1788306060000,2026-09-01T23:41:00.000Z,77537.1,7.2236,6.8356,0.388,6.4475,1263.0,59.242,contextual_snapshot.ohlc.(close_time-open_time),0.1219337632085345,0.005719398258115598,77511.4,77537.1,77511.4,77537.1,77529.6,77507.35,77507.3,77507.4,0.1,0.000129,0.0129,1928692.96,1033734.5,0.3021,0.3021,1.8658,,0.6772,6216.0,POOR,1788306065398.0,-5398.0,895751.87,436366.66,0.3449,1.248,0.0,77507.3,11.557,77507.4,5.63,77500.1,3.899,77507.5,2.32,,,,,39.64814,1.39361,0.0,1.39361,35.34548,2.90905,1.39361,0,1,26.0,ACCUMULATING,True,0.0,77691.0,77326.0,78528.0,-19.85,27.23,-127.8,77660.32,sell,57.0,"vp_poc,vp_hvn,val_weekly",77524.17,buy,56.0,"vp_hvn,pivot_daily_s1,orderbook_bid_wall",77350.74,buy,54.0,"vp_hvn,ema_21_15m,vp_val",78607.82,sell,54.0,"pivot_daily_close,vp_hvn,pivot_weekly_pivot",78458.0,sell,44.0,"vp_hvn,vp_vah",ok,8.75,100.0,7.5,,,,6216.0,,,NORMAL,
15,1,14.0,1:14,ANALYSIS_TRIGGER,85a895bc,BTCUSDT,1788306120000,2026-09-01T23:42:00.000Z,77555.1,5.8793,4.6469,1.2324,3.4145,3046.0,59.515,contextual_snapshot.ohlc.(close_time-open_time),0.09878686045534739,0.0019301707156927116,77537.1,77591.8,77537.1,77555.1,77560.4,77524.55,77524.5,77524.6,0.1,0.000129,0.0129,1322678.44,513143.61,0.441,0.441,2.5776,,0.79,6570.0,POOR,1788306125746.0,-5746.0,473907.27,391189.13,0.0956,1.373,0.0,77524.5,6.113,77524.6,5.046,77520.1,1.824,77531.0,0.823,77520.0,4.423,,,43.17986,1.39361,0.0,1.39361,38.8772,2.90905,1.39361,0,1,44.0,ACCUMULATING,False,0.0,77691.0,77326.0,78528.0,-17.52,29.54,-125.45,77660.32,sell,57.0,"vp_poc,vp_hvn,val_weekly",77527.16,buy,56.0,"vp_hvn,pivot_daily_s1,orderbook_bid_wall",77350.74,buy,54.0,"vp_hvn,ema_21_15m,vp_val",78607.82,sell,54.0,"pivot_daily_close,vp_hvn,pivot_weekly_pivot",78458.0,sell,44.0,"vp_hvn,vp_vah",ok,9.5,100.0,9.0,,,,6570.0,,,NORMAL,
16,1,15.0,1:15,ANALYSIS_TRIGGER,a99f92e2,BTCUSDT,1788306180000,2026-09-01T23:43:00.000Z,77542.1,2.5162,1.1597,1.3565,-0.1969,1633.0,59.132,contextual_snapshot.ohlc.(close_time-open_time),0.04255225596969492,0.0015408450704225353,77556.2,77565.8,77540.8,77542.1,77551.3,77502.45,77502.4,77502.5,0.1,0.000129,0.0129,1604964.58,1284874.27,0.1108,0.1108,1.2491,,0.5581,5872.0,POOR,1788306185104.0,-5104.0,790911.99,143379.62,0.6931,0.841,0.0,77502.4,10.205,77502.5,1.85,77499.0,3.904,77504.7,13.327,,,,,42.84397,1.39361,0.0,1.39361,38.54131,2.90905,1.39361,0,1,32.0,ACCUMULATING,False,0.0,77691.0,77326.0,78528.0,-19.2,27.87,-127.14,77660.32,sell,58.0,"vp_poc,vp_hvn,val_weekly",77351.77,buy,54.0,"vp_hvn,ema_21_15m,vp_val",78607.82,sell,54.0,"pivot_daily_close,vp_hvn,pivot_weekly_pivot",77525.0,buy,50.0,"vp_hvn,pivot_daily_s1,orderbook_bid_wall",78458.0,sell,44.0,"vp_hvn,vp_vah",ok,9.75,100.0,9.5,,,,5872.0,,,NORMAL,
17,1,16.0,1:16,ANALYSIS_TRIGGER,d3f56bf1,BTCUSDT,1788306240000,2026-09-01T23:44:00.000Z,77525.7,10.4596,3.3556,7.104,-3.7485,989.0,58.776,contextual_snapshot.ohlc.(close_time-open_time),0.17795698924731182,0.010575935288169868,77542.1,77542.1,77522.0,77525.7,77535.7,77502.45,77502.4,77502.5,0.1,0.000129,0.0129,2424534.75,1267664.56,0.3133,0.3133,1.9126,,0.6853,6906.0,POOR,1788306246163.0,-6163.0,1196792.06,109123.52,0.8329,1.316,0.0,77502.4,15.442,77502.5,1.408,77499.4,3.899,77504.6,1.114,,,77504.7,13.12,39.71446,1.39361,0.0,1.39361,36.83872,1.48213,1.39361,0,1,23.0,ACCUMULATING,True,0.0,77691.0,77326.0,78528.0,-21.32,25.76,-129.29,77734.01,sell,65.0,"vp_poc,vp_hvn,val_weekly,ema_21_1h",77500.52,buy,62.0,"vp_hvn,pivot_daily_s1,orderbook_bid_wall",77351.77,buy,54.0,"vp_hvn,ema_21_15m,vp_val",78607.82,sell,54.0,"pivot_daily_close,vp_hvn,pivot_weekly_pivot",78466.0,sell,45.0,"vp_hvn,vp_vah",ok,9.75,100.0,9.5,,,,6906.0,,,NORMAL,
18,1,17.0,1:17,ANALYSIS_TRIGGER,fd560139,BTCUSDT,1788306300000,2026-09-01T23:45:00.000Z,77537.5,3.7496,3.1734,0.5762,2.5972,637.0,59.329,contextual_snapshot.ohlc.(close_time-open_time),0.06320012135717777,0.005886342229199372,77525.7,77537.5,77525.7,77537.5,77536.8,77501.25,77501.2,77501.3,0.1,0.000129,0.0129,1000260.37,1891578.82,-0.3082,-0.3082,0.5288,,0.3604,6777.0,POOR,1788306306064.0,-6064.0,204603.17,695341.66,-0.5453,0.316,0.0,77501.2,2.64,77501.3,8.972,77495.2,4.049,77506.8,3.902,,,77509.1,2.504,41.73155,1.39361,0.0,1.39361,37.73197,2.60597,1.39361,0,1,17.0,ACCUMULATING,True,0.0,77691.0,77326.0,78528.0,-19.8,27.28,-127.74,77681.18,sell,58.0,"vp_poc,vp_hvn,val_weekly",77557.5,sell,55.0,"orderbook_ask_wall,vp_hvn,pivot_daily_s1",77351.15,buy,54.0,"vp_hvn,ema_21_15m,vp_val",78607.82,sell,54.0,"pivot_daily_close,vp_hvn,pivot_weekly_pivot",78458.0,sell,44.0,"vp_hvn,vp_vah",ok,9.5,100.0,9.0,,,,6777.0,,,NORMAL,
19,1,18.0,1:18,ANALYSIS_TRIGGER,29338b50,BTCUSDT,1788306360000,2026-09-01T23:46:00.000Z,77490.0,10.4802,2.9038,7.5764,-4.6726,2242.0,57.824,contextual_snapshot.ohlc.(close_time-open_time),0.18124308245711124,0.004674487065120428,77537.5,77548.7,77490.0,77490.0,77521.0,77453.75,77453.7,77453.8,0.1,0.000129,0.0129,390042.39,1908342.17,-0.6606,-0.6606,0.2044,,0.2223,12056.0,POOR,1788306365710.0,-5710.0,102781.06,1256068.27,-0.8487,0.13,0.0,77453.7,1.327,77453.8,16.217,77451.3,0.796,77460.0,2.511,77449.7,0.639,,,37.45399,1.39361,0.0,1.39361,33.45441,2.60597,1.39361,0,1,0.0,NEUTRAL,True,0.0,77691.0,77326.0,78528.0,-25.94,21.16,-133.95,77681.18,sell,58.0,"vp_poc,vp_hvn,val_weekly",77550.7,sell,55.0,"orderbook_ask_wall,vp_hvn,pivot_daily_s1",77351.15,buy,54.0,"vp_hvn,ema_21_15m,vp_val",78607.82,sell,54.0,"pivot_daily_close,vp_hvn,pivot_weekly_pivot",78458.0,sell,44.0,"vp_hvn,vp_vah",ok,9.5,100.0,9.0,,,,12056.0,,,NORMAL,
20,1,19.0,1:19,ANALYSIS_TRIGGER,444db274,BTCUSDT,1788306420000,2026-09-01T23:47:00.000Z,77510.0,28.2071,9.2261,18.981,-9.7549,3216.0,59.704,contextual_snapshot.ohlc.(close_time-open_time),0.4724490821385502,0.008770864427860696,77490.0,77518.0,77482.8,77510.0,77507.2,77476.95,77476.9,77477.0,0.1,0.000129,0.0129,1888701.75,862450.49,0.373,0.373,2.1899,,0.7309,6663.0,POOR,1788306425887.0,-5887.0,1123337.57,287517.15,0.5924,4.276,0.0,77476.9,14.499,77477.0,3.711,77474.3,3.9,77485.4,4.681,,,,,27.28653,1.39361,5.28933,-3.89572,31.61071,-0.42846,-3.89572,0,1,-18.0,DISTRIBUTING,False,0.0,77691.0,77326.0,78528.0,-23.35,23.74,-131.34,77367.79,buy,67.0,"vp_hvn,orderbook_bid_wall,ema_21_15m,vp_val",77681.18,sell,58.0,"vp_poc,vp_hvn,val_weekly",78607.82,sell,54.0,"pivot_daily_close,vp_hvn,pivot_weekly_pivot",78458.0,sell,44.0,"vp_hvn,vp_vah",77547.91,sell,43.0,"vp_hvn,pivot_daily_s1",ok,9.75,100.0,9.5,,,,6663.0,,,NORMAL,
21,1,19.0,1:19,Alerta,a2d9df71,BTCUSDT,1788306427564,2026-09-01T23:47:07.564+00:00,,,,,,,,missing,,,,,,,,,,,,,,,,,,,,,,,,,,,,,,,,,,,,,,,,,,,,,,,,,0,0,,,False,,,,,,,,,,,,,,,,,,,,,,,,,,,,,,,,,,,,,,,
22,1,20.0,1:20,ANALYSIS_TRIGGER,43a5c05b,BTCUSDT,1788306480000,2026-09-01T23:48:00.000Z,77531.1,6.2085,5.1164,1.0921,4.0243,1303.0,59.161,contextual_snapshot.ohlc.(close_time-open_time),0.10494244519193387,0.004764773599386032,77510.0,77531.1,77510.0,77531.1,77522.3,77512.05,77512.0,77512.1,0.1,0.000129,0.0129,1050331.04,619792.41,0.2578,0.2578,1.6946,,0.6468,7673.0,POOR,1788306486658.0,-6658.0,392753.3,513827.71,-0.1336,1.684,0.0,77512.0,5.067,77512.1,6.629,77508.5,3.901,77516.1,0.574,,,77516.2,0.262,31.83213,1.39361,5.28933,-3.89572,36.15631,-0.42846,-3.89572,0,1,-16.0,DISTRIBUTING,True,0.0,77691.0,77326.0,78528.0,-20.62,26.45,-128.58,77660.32,sell,58.0,"vp_poc,vp_hvn,val_weekly",77523.17,buy,56.0,"vp_hvn,pivot_daily_s1,orderbook_bid_wall",77354.85,buy,54.0,"vp_hvn,ema_21_15m,vp_val",78607.82,sell,54.0,"pivot_daily_close,vp_hvn,pivot_weekly_pivot",78458.0,sell,44.0,"vp_hvn,vp_vah",ok,9.5,100.0,9.0,,,,7673.0,,,NORMAL,100.0
23,1,21.0,1:21,Exaustão,20c1022db6b4ba792c14062fb7248b6e440882458b53f1b97086734cf1c4aa9d,BTCUSDT,1788306540000,2026-09-01T23:49:00.000Z,77601.36,19.86165,15.67418,4.18747,11.48671,3671.0,58.428,payload.duration_s,0.339933764633395,0.005410419504222283,77531.1,77638.2,77531.1,77601.4,77588.9,77550.25,77550.2,77550.3,0.1,0.000129,0.0129,533679.83,2235544.58,-0.6146,-0.6146,0.2387,,0.2395,7320.0,POOR,,,232030.2,927113.84,-0.5997,0.173,0.0,,,,,,,,,,,,,42.42393,1.39361,5.28933,-3.89572,45.20187,1.11778,-3.89572,0,1,-32.0,DISTRIBUTING,True,0.0,77691.0,77326.0,78528.0,-11.55,35.48,-119.41,77680.88,sell,70.0,"orderbook_ask_wall,vp_hvn,val_weekly,vp_poc",77356.18,buy,54.0,"vp_hvn,ema_21_15m,vp_val",78607.82,sell,54.0,"pivot_daily_close,vp_hvn,pivot_weekly_pivot",78458.0,sell,44.0,"vp_hvn,vp_vah",77547.91,buy,43.0,"vp_hvn,pivot_daily_s1",ok,9.5,100.0,9.0,42911.0,0.0,100.0,7320.0,,,NORMAL,100.0
24,1,21.0,1:21,ANALYSIS_TRIGGER,b21a1ab7,BTCUSDT,1788306539353,2026-09-01T23:49:00.000Z,77601.4,19.8617,15.6742,4.1875,11.4867,3671.0,58.428,contextual_snapshot.ohlc.(close_time-open_time),0.33993462038748545,0.005410433124489239,77531.1,77638.2,77531.1,77601.4,77588.9,77550.25,77550.2,77550.3,0.1,0.000129,0.0129,533679.83,2235544.58,-0.6146,-0.6146,0.2387,,0.2395,8554.0,POOR,1788306539353.0,0.0,232030.2,927113.84,-0.5997,0.173,0.0,,,,,,,,,,,,,42.42393,1.39361,5.28933,-3.89572,45.20187,1.11778,-3.89572,0,1,-32.0,DISTRIBUTING,True,0.0,77691.0,77326.0,78528.0,-11.55,35.49,-119.41,77680.89,sell,70.0,"orderbook_ask_wall,vp_hvn,val_weekly,vp_poc",77356.18,buy,54.0,"vp_hvn,ema_21_15m,vp_val",78607.82,sell,54.0,"pivot_daily_close,vp_hvn,pivot_weekly_pivot",78458.0,sell,44.0,"vp_hvn,vp_vah",77547.91,buy,43.0,"vp_hvn,pivot_daily_s1",ok,9.5,100.0,9.0,,,,8554.0,,,NORMAL,100.0
25,1,22.0,1:22,ANALYSIS_TRIGGER,ee34676d,BTCUSDT,1788306600000,2026-09-01T23:50:00.000Z,77574.0,2.537,0.6382,1.8988,-1.2606,1074.0,58.74,contextual_snapshot.ohlc.(close_time-open_time),0.043190330268981954,0.0023621973929236497,77601.4,77601.4,77574.0,77574.0,77591.4,77547.35,77547.3,77547.4,0.1,0.000129,0.0129,1106191.37,837847.95,0.138,0.138,1.3203,,0.5734,8210.0,POOR,1788306607261.0,-7261.0,765391.85,222871.23,0.549,1.219,0.0,77547.3,9.87,77547.4,2.874,77541.0,1.042,77549.9,0.827,,,77550.0,4.853,41.89892,1.39361,5.28933,-3.89572,44.67686,1.11778,-3.89572,0,1,-30.0,DISTRIBUTING,True,0.0,77691.0,77326.0,78528.0,-15.08,31.97,-122.98,77681.16,sell,59.0,"vp_poc,vp_hvn,val_weekly",77356.18,buy,54.0,"vp_hvn,ema_21_15m,vp_val",78607.82,sell,54.0,"pivot_daily_close,vp_hvn,pivot_weekly_pivot",77540.55,buy,51.0,"vp_hvn,pivot_daily_s1,orderbook_bid_wall",78458.0,sell,44.0,"vp_hvn,vp_vah",ok,9.75,100.0,9.5,,,,8210.0,,,NORMAL,100.0
26,1,23.0,1:23,ANALYSIS_TRIGGER,e7fb4474,BTCUSDT,1788306660000,2026-09-01T23:51:00.000Z,77556.0,5.5022,1.7759,3.7263,-1.9503,1908.0,58.886,contextual_snapshot.ohlc.(close_time-open_time),0.0934381686648779,0.0028837526205450735,77574.0,77581.4,77556.0,77556.0,77577.8,77507.35,77507.3,77507.4,0.1,0.000129,0.0129,2388986.71,620700.61,0.5875,0.5875,3.8489,,0.8763,13167.0,POOR,1788306667426.0,-7426.0,755308.64,311424.73,0.4161,3.861,0.0,77507.3,9.745,77507.4,4.018,,,,,,,,,37.63725,1.39361,5.28933,-3.89572,39.77175,1.76122,-3.89572,0,1,-15.0,DISTRIBUTING,True,0.0,77691.0,77326.0,78528.0,-17.41,29.66,-125.33,77660.3,sell,59.0,"vp_poc,vp_hvn,val_weekly",77527.31,buy,56.0,"vp_hvn,pivot_daily_s1,orderbook_bid_wall",77356.65,buy,54.0,"vp_hvn,ema_21_15m,vp_val",78607.82,sell,54.0,"pivot_daily_close,vp_hvn,pivot_weekly_pivot",78458.0,sell,44.0,"vp_hvn,vp_vah",ok,9.5,100.0,9.0,,,,13167.0,,,NORMAL,100.0
27,1,24.0,1:24,Exaustão,a92cbf0fd4390f70548d9bc5f2341df0ba24210ad66696a2ee218f2f569ecc7c,BTCUSDT,1788306720000,2026-09-01T23:52:00.000Z,77474.01,27.57845,11.17308,16.40537,-5.23229,4167.0,58.499,payload.duration_s,0.47143455443682797,0.006618298536117111,77556.0,77556.0,77473.5,77474.0,77506.1,77449.75,77449.7,77449.8,0.1,0.000129,0.0129,1678957.33,630619.18,0.4539,0.4539,2.6624,,0.8024,7637.0,POOR,,,357662.71,235447.39,0.2061,3.373,0.0,,,,,,,,,,,,,34.8676,1.39361,5.28933,-3.89572,37.0021,1.76122,-3.89572,0,1,-10.0,NEUTRAL,True,1.0,77691.0,77326.0,78528.0,-28.01,19.1,-136.04,77363.29,buy,67.0,"vp_hvn,orderbook_bid_wall,ema_21_15m,vp_val",77681.16,sell,59.0,"vp_poc,vp_hvn,val_weekly",78607.82,sell,54.0,"pivot_daily_close,vp_hvn,pivot_weekly_pivot",78458.0,sell,44.0,"vp_hvn,vp_vah",77547.91,sell,43.0,"vp_hvn,pivot_daily_s1",ok,9.75,100.0,9.5,50097.0,0.0,100.0,7637.0,,,NORMAL,100.0
28,1,24.0,1:24,ANALYSIS_TRIGGER,1aa336f5,BTCUSDT,1788306718678,2026-09-01T23:52:00.000Z,77474.0,27.5785,11.1731,16.4054,-5.2323,4167.0,58.499,contextual_snapshot.ohlc.(close_time-open_time),0.47143540915229315,0.006618310535157187,77556.0,77556.0,77473.5,77474.0,77506.1,77449.75,77449.7,77449.8,0.1,0.000129,0.0129,1678957.33,630619.18,0.4539,0.4539,2.6624,,0.8024,9313.0,POOR,1788306718678.0,0.0,357662.71,235447.39,0.2061,3.373,0.0,,,,,,,,,,,,,34.8676,1.39361,5.28933,-3.89572,37.0021,1.76122,-3.89572,0,1,-10.0,NEUTRAL,True,1.0,77691.0,77326.0,78528.0,-28.01,19.1,-136.05,77363.29,buy,67.0,"vp_hvn,orderbook_bid_wall,ema_21_15m,vp_val",77681.16,sell,59.0,"vp_poc,vp_hvn,val_weekly",78607.82,sell,54.0,"pivot_daily_close,vp_hvn,pivot_weekly_pivot",78458.0,sell,44.0,"vp_hvn,vp_vah",77547.91,sell,43.0,"vp_hvn,pivot_daily_s1",ok,9.75,100.0,9.5,,,,9313.0,,,NORMAL,100.0
29,1,24.0,1:24,Alerta,a4446ed1,BTCUSDT,1788306730416,2026-09-01T23:52:10.416+00:00,,,,,,,,missing,,,,,,,,,,,,,,,,,,,,,,,,,,,,,,,,,,,,,,,,,,,,,,,,,0,0,,,False,,,,,,,,,,,,,,,,,,,,,,,,,,,,,,,,,,,,,,,
30,1,25.0,1:25,ANALYSIS_TRIGGER,5ffae04d,BTCUSDT,1788306780000,2026-09-01T23:53:00.000Z,77486.7,3.8239,3.2105,0.6134,2.5971,895.0,59.26,contextual_snapshot.ohlc.(close_time-open_time),0.06452750590617617,0.004272513966480447,77474.0,77486.7,77474.0,77486.7,77481.6,77448.35,77448.3,77448.4,0.1,0.000129,0.0129,434244.19,1857076.14,-0.621,-0.621,0.2338,,0.2371,7259.0,POOR,1788306786513.0,-6513.0,264253.6,435492.35,-0.2447,0.318,0.0,77448.3,3.412,77448.4,5.623,,,77453.8,3.688,,,77453.9,9.092,36.96576,1.39361,5.28933,-3.89572,39.10026,1.76122,-3.89572,0,1,-33.0,DISTRIBUTING,True,0.0,77691.0,77326.0,78528.0,-26.37,20.74,-134.38,77681.16,sell,59.0,"vp_poc,vp_hvn,val_weekly",77550.23,sell,55.0,"orderbook_ask_wall,vp_hvn,pivot_daily_s1",77354.39,buy,54.0,"vp_hvn,ema_21_15m,vp_val",78607.82,sell,54.0,"pivot_daily_close,vp_hvn,pivot_weekly_pivot",78458.0,sell,44.0,"vp_hvn,vp_vah",ok,9.5,100.0,9.0,,,,7259.0,,,NORMAL,100.0
31,1,26.0,1:26,ANALYSIS_TRIGGER,1de206de,BTCUSDT,1788306840000,2026-09-01T23:54:00.000Z,77477.9,1.4631,0.6857,0.7774,-0.0917,392.0,59.305,contextual_snapshot.ohlc.(close_time-open_time),0.02467076974959953,0.0037323979591836736,77486.7,77486.7,77477.9,77477.9,77483.1,77432.95,77432.9,77433.0,0.1,0.000129,0.0129,652811.38,1360616.78,-0.3515,-0.3515,0.4798,,0.3425,7952.0,POOR,1788306846857.0,-6857.0,293625.56,891253.83,-0.5044,0.358,0.0,77432.9,3.792,77433.0,11.51,77426.4,1.204,77440.1,3.698,77426.3,1.307,,,36.74936,1.39361,5.28933,-3.89572,38.88386,1.76122,-3.89572,0,1,-20.0,DISTRIBUTING,True,0.0,77691.0,77326.0,78528.0,-27.5,19.61,-135.54,77681.16,sell,59.0,"vp_poc,vp_hvn,val_weekly",77548.97,sell,55.0,"orderbook_ask_wall,vp_hvn,pivot_daily_s1",77354.39,buy,54.0,"vp_hvn,ema_21_15m,vp_val",78607.82,sell,54.0,"pivot_daily_close,vp_hvn,pivot_weekly_pivot",78458.0,sell,44.0,"vp_hvn,vp_vah",ok,9.75,100.0,9.5,,,,7952.0,,,NORMAL,100.0
32,1,27.0,1:27,ANALYSIS_TRIGGER,713db114,BTCUSDT,1788306900000,2026-09-01T23:55:00.000Z,77472.5,3.1825,1.635,1.5474,0.0876,558.0,59.676,contextual_snapshot.ohlc.(close_time-open_time),0.05332964675916616,0.005703405017921147,77477.9,77477.9,77470.0,77472.5,77472.2,77429.05,77429.0,77429.1,0.1,0.000129,0.0129,275335.08,2145742.41,-0.7726,-0.7726,0.1283,,0.1811,7912.0,POOR,1788306907124.0,-7124.0,226092.68,1228257.81,-0.6891,0.143,0.0,77429.0,2.92,77429.1,15.863,77427.3,0.126,77429.2,4.543,77423.7,0.256,77433.1,1.575,36.89572,1.39361,5.28933,-3.89572,39.58706,1.20438,-3.89572,0,1,-27.0,DISTRIBUTING,True,0.0,77691.0,77326.0,78528.0,-28.2,18.91,-136.24,77681.16,sell,59.0,"vp_poc,vp_hvn,val_weekly",77548.2,sell,55.0,"orderbook_ask_wall,vp_hvn,pivot_daily_s1",77354.25,buy,54.0,"vp_hvn,ema_21_15m,vp_val",78607.82,sell,54.0,"pivot_daily_close,vp_hvn,pivot_weekly_pivot",78458.0,sell,44.0,"vp_hvn,vp_vah",ok,9.5,100.0,9.0,,,,7912.0,,,NORMAL,100.0
33,1,28.0,1:28,ANALYSIS_TRIGGER,e5ec3a0e,BTCUSDT,1788306960000,2026-09-01T23:56:00.000Z,77456.3,3.7083,0.625,3.0832,-2.4582,624.0,59.203,contextual_snapshot.ohlc.(close_time-open_time),0.06263702852895968,0.005942788461538461,77472.5,77472.5,77456.3,77456.3,77459.0,77414.45,77414.4,77414.5,0.1,0.000129,0.0129,551720.24,2150795.69,-0.5917,-0.5917,0.2565,,0.2481,6610.0,POOR,1788306965705.0,-5705.0,339384.73,1047031.11,-0.5104,0.265,0.0,77414.4,4.384,77414.5,13.525,77408.6,1.217,77416.0,3.68,,,77420.9,3.684,34.46384,1.39361,5.28933,-3.89572,37.15518,1.20438,-3.89572,0,1,-52.0,DISTRIBUTING,True,0.0,77691.0,77326.0,78528.0,-30.3,16.82,-138.36,77681.16,sell,59.0,"vp_poc,vp_hvn,val_weekly",77545.89,sell,55.0,"orderbook_ask_wall,vp_hvn,pivot_daily_s1",77354.25,buy,54.0,"vp_hvn,ema_21_15m,vp_val",78607.82,sell,54.0,"pivot_daily_close,vp_hvn,pivot_weekly_pivot",78458.0,sell,44.0,"vp_hvn,vp_vah",ok,9.5,100.0,9.0,,,,6610.0,,,NORMAL,100.0
34,1,29.0,1:29,ANALYSIS_TRIGGER,a22fec3b,BTCUSDT,1788307020000,2026-09-01T23:57:00.000Z,77418.0,13.3144,5.089,8.2253,-3.1363,1405.0,57.894,contextual_snapshot.ohlc.(close_time-open_time),0.2299789270045255,0.00947644128113879,77456.4,77456.4,77418.0,77418.0,77441.1,77387.65,77387.6,77387.7,0.1,0.000129,0.0129,2540950.75,374723.55,0.743,0.743,6.7809,,0.9229,11896.0,POOR,1788307027106.0,-7106.0,1192697.69,156090.99,0.7685,8.249,0.0,77387.6,15.412,77387.7,2.017,,,77390.4,0.494,,,77391.9,0.279,32.67385,1.39361,5.28933,-3.89572,34.44373,2.12584,-3.89572,0,1,-7.0,NEUTRAL,True,0.0,77691.0,77326.0,78528.0,-35.26,11.88,-143.38,77351.69,buy,67.0,"vp_hvn,orderbook_bid_wall,ema_21_15m,vp_val",77681.16,sell,59.0,"vp_poc,vp_hvn,val_weekly",78607.82,sell,53.0,"pivot_daily_close,vp_hvn,pivot_weekly_pivot",78458.0,sell,44.0,"vp_hvn,vp_vah",77547.91,sell,43.0,"vp_hvn,pivot_daily_s1",ok,9.5,100.0,9.0,,,,11896.0,,,NORMAL,100.0
35,1,30.0,1:30,ANALYSIS_TRIGGER,5a83aef9,BTCUSDT,1788307080000,2026-09-01T23:58:00.000Z,77450.0,5.8819,4.3186,1.5633,2.7554,1886.0,58.299,contextual_snapshot.ohlc.(close_time-open_time),0.1008919535498036,0.0031187168610816544,77418.0,77450.0,77418.0,77450.0,77429.5,77415.05,77415.0,77415.1,0.1,0.000129,0.0129,608160.91,848960.52,-0.1653,-0.1653,0.7164,,0.4221,7003.0,POOR,1788307086221.0,-6221.0,406660.99,441420.9,-0.041,0.864,0.0,77415.0,5.253,77415.1,5.702,77411.6,0.529,77417.8,1.059,77409.1,1.093,77420.5,1.14,34.14819,1.39361,5.28933,-3.89572,35.91807,2.12584,-3.89572,0,1,-21.0,DISTRIBUTING,True,0.0,77691.0,77326.0,78528.0,-31.12,16.01,-139.19,77681.16,sell,59.0,"vp_poc,vp_hvn,val_weekly",77353.92,buy,54.0,"vp_hvn,ema_21_15m,vp_val",78607.82,sell,54.0,"pivot_daily_close,vp_hvn,pivot_weekly_pivot",77544.98,sell,53.0,"orderbook_ask_wall,vp_hvn,pivot_daily_s1",78458.0,sell,44.0,"vp_hvn,vp_vah",ok,9.75,100.0,9.5,,,,7003.0,,,NORMAL,100.0
36,1,31.0,1:31,ANALYSIS_TRIGGER,859cbfa4,BTCUSDT,1788307140000,2026-09-01T23:59:00.000Z,77450.0,0.6995,0.2328,0.4667,-0.234,129.0,58.872,contextual_snapshot.ohlc.(close_time-open_time),0.01188170947139557,0.005422480620155039,77450.0,77450.0,77450.0,77450.0,77450.0,77413.05,77413.0,77413.1,0.1,0.000129,0.0129,1264705.29,1214813.27,0.0201,0.0201,1.0411,,0.5101,6519.0,POOR,1788307145823.0,-5823.0,240599.6,438312.97,-0.2912,1.022,0.0,77413.0,3.108,77413.1,5.662,,,77418.4,3.766,,,,,33.85626,1.39361,5.28933,-3.89572,35.62614,2.12584,-3.89572,0,1,-25.0,DISTRIBUTING,True,0.0,77691.0,77326.0,78528.0,-31.12,16.01,-139.19,77681.13,sell,59.0,"vp_poc,vp_hvn,val_weekly",77353.78,buy,54.0,"vp_hvn,ema_21_15m,vp_val",78607.82,sell,54.0,"pivot_daily_close,vp_hvn,pivot_weekly_pivot",78458.0,sell,44.0,"vp_hvn,vp_vah",77547.91,sell,43.0,"vp_hvn,pivot_daily_s1",ok,9.75,100.0,9.5,,,,6519.0,,,NORMAL,100.0
37,1,32.0,1:32,ANALYSIS_TRIGGER,5ae88c1d,BTCUSDT,1788307200000,2026-09-02T00:00:00.000Z,77439.0,1.2202,0.2472,0.973,-0.7258,520.0,57.305,contextual_snapshot.ohlc.(close_time-open_time),0.021293080882994503,0.0023465384615384615,77450.0,77450.0,77439.0,77439.0,77446.7,77415.75,77415.7,77415.8,0.1,0.000129,0.0129,540806.76,1743361.22,-0.5265,-0.5265,0.3102,,0.2731,7896.0,POOR,1788307207072.0,-7072.0,321042.91,391569.12,-0.099,0.44,0.0,77415.7,4.147,77415.8,5.058,77407.9,1.132,77419.4,3.681,,,77423.4,5.29,35.72694,1.39361,5.28933,-3.89572,37.49682,2.12584,-3.89572,0,1,-48.0,DISTRIBUTING,True,0.0,77691.0,77326.0,78528.0,-32.54,14.59,-140.63,77681.13,sell,59.0,"vp_poc,vp_hvn,val_weekly",77543.41,sell,55.0,"orderbook_ask_wall,vp_hvn,pivot_daily_s1",77353.78,buy,54.0,"vp_hvn,ema_21_15m,vp_val",78607.82,sell,54.0,"pivot_daily_close,vp_hvn,pivot_weekly_pivot",78458.0,sell,44.0,"vp_hvn,vp_vah",ok,9.5,100.0,9.0,,,,7896.0,,,NORMAL,100.0
38,1,33.0,1:33,ANALYSIS_TRIGGER,d7884a9a,BTCUSDT,1788307260000,2026-09-02T00:01:00.000Z,77489.7,14.3523,11.6858,2.6665,9.0194,3127.0,59.51,contextual_snapshot.ohlc.(close_time-open_time),0.24117459250546128,0.004589798528941477,77439.0,77512.0,77439.0,77489.7,77474.4,77461.75,77461.7,77461.8,0.1,0.000129,0.0129,437720.38,847225.81,-0.3187,-0.3187,0.5167,,0.3561,9177.0,POOR,1788307267340.0,-7340.0,200703.26,462059.64,-0.3943,0.407,0.0,77461.7,2.591,77461.8,5.965,77459.2,1.027,77469.3,1.113,77454.6,1.115,,,42.19509,1.39361,5.28933,-3.89572,43.36995,2.72086,-3.89572,0,1,-27.0,DISTRIBUTING,True,0.0,77691.0,77326.0,78528.0,-25.98,21.13,-133.99,77681.13,sell,59.0,"vp_poc,vp_hvn,val_weekly",77550.66,sell,55.0,"orderbook_ask_wall,vp_hvn,pivot_daily_s1",77356.27,buy,54.0,"vp_hvn,ema_21_15m,vp_val",78607.82,sell,54.0,"pivot_daily_close,vp_hvn,pivot_weekly_pivot",78458.0,sell,44.0,"vp_hvn,vp_vah",ok,9.5,100.0,9.0,,,,9177.0,,,NORMAL,20.0
39,1,34.0,1:34,ANALYSIS_TRIGGER,8de87af4,BTCUSDT,1788307320000,2026-09-02T00:02:00.000Z,77454.0,5.7436,2.0028,3.7407,-1.7379,1971.0,59.545,contextual_snapshot.ohlc.(close_time-open_time),0.09645814090183893,0.0029140537798072043,77489.7,77489.7,77448.0,77454.0,77464.3,77415.95,77415.9,77416.0,0.1,0.000129,0.0129,466336.56,1602424.0,-0.5492,-0.5492,0.291,,0.2644,12026.0,POOR,1788307327102.0,-7102.0,244169.75,729878.05,-0.4986,0.374,0.0,77415.9,3.154,77416.0,9.428,77411.1,1.054,77423.0,5.169,77409.8,0.355,,,39.99641,1.39361,5.28933,-3.89572,40.44954,3.44259,-3.89572,0,1,-35.0,DISTRIBUTING,True,0.0,77691.0,77326.0,78528.0,-30.6,16.53,-138.66,77681.13,sell,59.0,"vp_poc,vp_hvn,val_weekly",77545.56,sell,55.0,"orderbook_ask_wall,vp_hvn,pivot_daily_s1",77356.27,buy,54.0,"vp_hvn,ema_21_15m,vp_val",78607.82,sell,54.0,"pivot_daily_close,vp_hvn,pivot_weekly_pivot",78458.0,sell,44.0,"vp_hvn,vp_vah",ok,9.5,100.0,9.0,,,,12026.0,,,NORMAL,22.2
40,1,35.0,1:35,ANALYSIS_TRIGGER,70c68a84,BTCUSDT,1788307380000,2026-09-02T00:03:00.000Z,77432.5,1.9501,0.7401,1.21,-0.4699,824.0,59.247,contextual_snapshot.ohlc.(close_time-open_time),0.03291474673823147,0.002366626213592233,77454.0,77454.0,77432.5,77432.5,77446.4,77379.05,77379.0,77379.1,0.1,0.000129,0.0129,1938622.08,1601760.83,0.0951,0.0951,1.2103,,0.5496,8942.0,POOR,1788307387344.0,-7344.0,243666.47,458393.79,-0.3059,2.278,0.0,77379.0,3.149,77379.1,5.924,77378.0,18.612,77385.7,4.036,,,,,39.96229,1.39361,5.28933,-3.89572,40.41542,3.44259,-3.89572,0,1,-20.0,DISTRIBUTING,True,0.0,77691.0,77326.0,78528.0,-33.38,13.75,-141.48,77355.75,buy,59.0,"vp_hvn,orderbook_bid_wall,ema_21_15m,vp_val",77681.13,sell,59.0,"vp_poc,vp_hvn,val_weekly",78607.82,sell,53.0,"pivot_daily_close,vp_hvn,pivot_weekly_pivot",78458.0,sell,44.0,"vp_hvn,vp_vah",77547.91,sell,43.0,"vp_hvn,pivot_daily_s1",ok,9.75,100.0,9.5,,,,8942.0,,,NORMAL,24.3
41,1,36.0,1:36,ANALYSIS_TRIGGER,36139d86,BTCUSDT,1788307440000,2026-09-02T00:04:00.000Z,77429.7,6.3961,3.3537,3.0424,0.3113,1614.0,58.386,contextual_snapshot.ohlc.(close_time-open_time),0.10954852190593635,0.003962887236679058,77432.5,77432.5,77410.0,77429.7,77417.7,77400.85,77400.8,77400.9,0.1,0.000129,0.0129,624847.75,879126.8,-0.1691,-0.1691,0.7108,,0.4204,8474.0,POOR,1788307447707.0,-7707.0,399078.52,750401.73,-0.3056,0.681,0.0,77400.8,5.156,77400.9,9.695,77398.5,1.159,,,,,,,40.86492,1.39361,5.28933,-3.89572,40.67461,4.08603,-3.89572,0,1,-15.0,DISTRIBUTING,True,0.0,77691.0,77326.0,78528.0,-33.75,13.39,-141.84,77681.13,sell,59.0,"vp_poc,vp_hvn,val_weekly",77355.88,buy,54.0,"vp_hvn,ema_21_15m,vp_val",77542.08,sell,53.0,"orderbook_ask_wall,vp_hvn,pivot_daily_s1",78607.82,sell,53.0,"pivot_daily_close,vp_hvn,pivot_weekly_pivot",78458.0,sell,44.0,"vp_hvn,vp_vah",ok,9.75,100.0,9.5,,,,8474.0,,,NORMAL,26.3
42,1,37.0,1:37,ANALYSIS_TRIGGER,6c4423c7,BTCUSDT,1788307500000,2026-09-02T00:05:00.000Z,77450.2,9.4685,3.117,6.3514,-3.2344,2413.0,59.696,contextual_snapshot.ohlc.(close_time-open_time),0.1586119673009917,0.003923953584749275,77429.7,77458.0,77429.7,77450.2,77449.1,77425.05,77425.0,77425.1,0.1,0.000129,0.0129,1837776.6,336808.47,0.6902,0.6902,5.4564,,0.9071,6511.0,POOR,1788307505774.0,-5774.0,727330.45,145404.34,0.6668,4.249,0.0,77425.0,9.394,77425.1,1.878,77422.6,3.707,77428.1,1.084,,,,,37.12182,1.39361,6.33893,-4.94532,37.98111,4.08603,-4.94532,0,1,-12.0,DISTRIBUTING,True,0.0,77490.0,77454.0,77490.0,-5.14,-0.49,-5.14,77508.88,sell,76.0,"vp_poc,vp_hvn,pivot_daily_s1,vp_vah",77394.06,buy,61.0,"orderbook_bid_wall,ema_21_15m,vp_val",78600.63,sell,48.0,"pivot_daily_close,pivot_weekly_pivot",77734.49,sell,42.0,"val_weekly,ema_21_1h",74096.42,buy,41.0,"ema_21_1d,pivot_monthly_pivot",ok,9.5,100.0,9.0,,,,6511.0,,,NORMAL,28.2
43,1,38.0,1:38,ANALYSIS_TRIGGER,cf10a637,BTCUSDT,1788307560000,2026-09-02T00:06:00.000Z,77440.0,8.235,1.8655,6.3694,-4.5039,2692.0,59.594,contextual_snapshot.ohlc.(close_time-open_time),0.1381850521864617,0.0030590638930163444,77450.2,77470.9,77440.0,77440.0,77462.1,77394.15,77394.1,77394.2,0.1,0.000129,0.0129,434175.81,1314877.32,-0.5035,-0.5035,0.3302,,0.282,6682.0,POOR,1788307565483.0,-5483.0,312517.38,727273.3,-0.3989,0.313,0.0,77394.1,4.038,77394.2,9.397,,,77397.7,3.681,,,,,31.51583,1.39361,6.33893,-4.94532,34.46468,1.99647,-4.94532,0,1,-45.0,DISTRIBUTING,True,0.0,77490.0,77454.0,77490.0,-6.46,-1.81,-6.46,77510.31,sell,89.0,"vp_poc,vp_hvn,vp_vah,orderbook_ask_wall,pivot_daily_s1",78600.63,sell,48.0,"pivot_daily_close,pivot_weekly_pivot",77401.16,buy,47.0,"ema_21_15m,vp_val",77734.49,sell,42.0,"val_weekly,ema_21_1h",74096.42,buy,41.0,"ema_21_1d,pivot_monthly_pivot",ok,9.5,100.0,9.0,,,,6682.0,,,NORMAL,30.0
44,1,38.0,1:38,Alerta,22d60fbd,BTCUSDT,1788307568012,2026-09-02T00:06:08.012+00:00,,,,,,,,missing,,,,,,,,,,,,,,,,,,,,,,,,,,,,,,,,,,,,,,,,,,,,,,,,,0,0,,,False,,,,,,,,,,,,,,,,,,,,,,,,,,,,,,,,,,,,,,,
45,1,39.0,1:39,ANALYSIS_TRIGGER,9ca3f5b4,BTCUSDT,1788307620000,2026-09-02T00:07:00.000Z,77410.0,6.6089,2.0159,4.593,-2.5771,1242.0,59.426,contextual_snapshot.ohlc.(close_time-open_time),0.11121226399219197,0.005321175523349437,77440.0,77440.0,77410.0,77410.0,77431.8,77390.95,77390.9,77391.0,0.1,0.000129,0.0129,2196889.73,537120.41,0.6071,0.6071,4.0901,,0.8821,6966.0,POOR,1788307626227.0,-6227.0,749840.43,191852.29,0.5925,3.851,0.0,77390.9,9.689,77391.0,2.479,,,77395.4,1.098,,,77397.8,0.956,31.01631,1.39361,6.33893,-4.94532,33.96516,1.99647,-4.94532,0,1,-16.0,DISTRIBUTING,True,0.0,77490.0,77454.0,77490.0,-10.33,-5.68,-10.33,77499.73,sell,86.0,"vp_poc,vp_hvn,vp_vah,pivot_daily_s1,vp_val",77359.37,buy,59.0,"orderbook_bid_wall,ema_21_15m,vp_val",78600.63,sell,48.0,"pivot_daily_close,pivot_weekly_pivot",77732.49,sell,42.0,"val_weekly,ema_21_1h",74096.42,buy,41.0,"ema_21_1d,pivot_monthly_pivot",ok,9.5,100.0,9.0,,,,6966.0,,,NORMAL,31.7
46,1,40.0,1:40,ANALYSIS_TRIGGER,c6e30988,BTCUSDT,1788307680000,2026-09-02T00:08:00.000Z,77420.1,5.0618,3.517,1.5449,1.9721,2852.0,59.815,contextual_snapshot.ohlc.(close_time-open_time),0.0846242581292318,0.0017748246844319776,77410.0,77442.0,77410.0,77420.1,77425.5,77385.05,77385.0,77385.1,0.1,0.000129,0.0129,846108.2,873870.88,-0.0161,-0.0161,0.9682,,0.492,9973.0,POOR,1788307684691.0,-4691.0,511747.01,214279.34,0.4097,2.217,0.0,77385.0,6.613,77385.1,2.769,77379.3,1.312,77389.2,3.682,,,,,35.56849,1.39361,6.33893,-4.94532,36.66661,3.8472,-4.94532,0,1,-15.0,DISTRIBUTING,True,0.0,77490.0,77454.0,77490.0,-9.03,-4.38,-9.03,77508.88,sell,76.0,"vp_poc,vp_hvn,pivot_daily_s1,vp_vah",78600.63,sell,48.0,"pivot_daily_close,pivot_weekly_pivot",77399.84,buy,47.0,"ema_21_15m,vp_val",77732.49,sell,42.0,"val_weekly,ema_21_1h",74096.42,buy,41.0,"ema_21_1d,pivot_monthly_pivot",ok,9.75,100.0,9.5,,,,9973.0,,,NORMAL,33.3
47,1,41.0,1:41,ANALYSIS_TRIGGER,c6924c36,BTCUSDT,1788307740000,2026-09-02T00:09:00.000Z,77406.6,11.8741,3.9868,7.8873,-3.9004,749.0,59.794,contextual_snapshot.ohlc.(close_time-open_time),0.19858346991336925,0.015853271028037384,77420.1,77420.1,77406.6,77406.6,77418.2,77371.95,77371.9,77372.0,0.1,0.000129,0.0129,775081.03,1031244.7,-0.1418,-0.1418,0.7516,,0.4326,6890.0,POOR,1788307745824.0,-5824.0,199851.62,412238.02,-0.347,0.533,0.0,77371.9,2.583,77372.0,5.328,77368.2,1.078,77375.6,1.151,77367.6,4.004,77376.3,3.94,26.56757,1.39361,6.33893,-4.94532,29.4789,2.03399,-4.94532,0,1,-28.0,DISTRIBUTING,True,0.0,77490.0,77454.0,77490.0,-10.77,-6.12,-10.77,77504.74,sell,84.0,"vp_poc,vp_hvn,vp_vah,orderbook_ask_wall,pivot_daily_s1",78600.63,sell,48.0,"pivot_daily_close,pivot_weekly_pivot",77399.14,buy,47.0,"ema_21_15m,vp_val",77731.45,sell,42.0,"val_weekly,ema_21_1h",75724.62,buy,32.0,"pivot_weekly_s1,pivot_daily_s3",ok,9.75,100.0,9.5,,,,6890.0,,,NORMAL,34.9
48,1,42.0,1:42,ANALYSIS_TRIGGER,c5371c77,BTCUSDT,1788307800000,2026-09-02T00:10:00.000Z,77400.0,11.4051,0.9084,10.4967,-9.5883,1223.0,58.76,contextual_snapshot.ohlc.(close_time-open_time),0.19409632402995233,0.009325511038430089,77406.6,77410.5,77400.0,77400.0,77407.5,77360.45,77360.4,77360.5,0.1,0.000129,0.0129,484335.89,1416839.22,-0.4905,-0.4905,0.3418,,0.287,6986.0,POOR,1788307806223.0,-6223.0,182802.63,442269.98,-0.4151,0.297,0.0,77360.4,2.363,77360.5,5.717,77354.8,1.07,77362.9,3.683,77354.7,1.361,77367.3,3.684,20.90721,1.39361,6.33893,-4.94532,24.41065,1.44188,-4.94532,0,1,-58.0,DISTRIBUTING,False,0.0,77490.0,77420.0,77490.0,-11.63,-2.58,-11.63,77486.85,sell,80.0,"orderbook_ask_wall,vp_hvn,vp_vah,vp_poc",77394.02,buy,56.0,"vp_hvn,ema_21_15m,vp_val",77717.3,sell,56.0,"pivot_daily_pivot,val_weekly,ema_21_1h",78603.04,sell,41.0,"pivot_weekly_pivot,pivot_monthly_close",80522.2,sell,31.0,"pivot_daily_r2,pivot_weekly_r1",ok,8.75,100.0,7.5,,,,6986.0,,,NORMAL,36.4
49,1,42.0,1:42,Alerta,7948143f,BTCUSDT,1788307807904,2026-09-02T00:10:07.904+00:00,,,,,,,,missing,,,,,,,,,,,,,,,,,,,,,,,,,,,,,,,,,,,,,,,,,,,,,,,,,0,0,,,False,,,,,,,,,,,,,,,,,,,,,,,,,,,,,,,,,,,,,,,
50,1,43.0,1:43,ANALYSIS_TRIGGER,5d7f83ca,BTCUSDT,1788307860000,2026-09-02T00:11:00.000Z,77393.4,14.3368,4.0942,10.2426,-6.1483,850.0,59.804,contextual_snapshot.ohlc.(close_time-open_time),0.23972978396093905,0.016866823529411764,77400.0,77400.0,77386.6,77393.4,77398.8,77360.55,77360.5,77360.6,0.1,0.000129,0.0129,1212122.89,950709.16,0.1209,0.1209,1.275,,0.5638,6426.0,POOR,1788307865519.0,-5519.0,464859.24,440800.7,0.0266,1.833,0.0,77360.5,6.009,77360.6,5.698,,,77364.6,3.755,,,,,12.28781,1.39361,7.86683,-6.47322,19.50763,-0.7466,-6.47322,0,1,-23.0,DISTRIBUTING,False,0.0,77490.0,77420.0,77490.0,-12.48,-3.44,-12.48,77490.0,sell,66.0,"vp_poc,vp_hvn,vp_vah",77378.24,buy,62.0,"vp_hvn,orderbook_bid_wall,ema_21_15m,vp_val",77717.0,sell,56.0,"pivot_daily_pivot,val_weekly,ema_21_1h",78603.04,sell,41.0,"pivot_weekly_pivot,pivot_monthly_close",80522.2,sell,31.0,"pivot_daily_r2,pivot_weekly_r1",ok,9.75,100.0,9.5,,,,6426.0,,,NORMAL,37.8
51,1,44.0,1:44,ANALYSIS_TRIGGER,b340d5b8,BTCUSDT,1788307920000,2026-09-02T00:12:00.000Z,77381.7,3.4554,0.2866,3.1687,-2.8821,658.0,55.218,contextual_snapshot.ohlc.(close_time-open_time),0.06257742040638922,0.0052513677811550155,77393.4,77393.4,77381.7,77381.7,77388.5,77333.45,77333.4,77333.5,0.1,0.000129,0.0129,847869.23,1607263.05,-0.3093,-0.3093,0.5275,,0.36,5747.0,POOR,1788307925001.0,-5001.0,508467.1,640166.71,-0.1147,0.438,0.0,77333.4,6.575,77333.5,8.278,,,77333.7,3.681,,,77337.8,3.715,9.00382,1.39361,7.86683,-6.47322,16.22364,-0.7466,-6.47322,0,1,-54.0,DISTRIBUTING,True,0.0,77490.0,77420.0,77490.0,-14.0,-4.95,-14.0,77406.85,sell,69.0,"orderbook_ask_wall,vp_hvn,ema_21_15m,vp_val",77490.0,sell,66.0,"vp_poc,vp_hvn,vp_vah",77717.0,sell,56.0,"pivot_daily_pivot,val_weekly,ema_21_1h",78603.04,sell,41.0,"pivot_weekly_pivot,pivot_monthly_close",80522.2,sell,31.0,"pivot_daily_r2,pivot_weekly_r1",ok,8.75,100.0,7.5,,,,5747.0,,,NORMAL,39.1
52,1,45.0,1:45,ANALYSIS_TRIGGER,731d539a,BTCUSDT,1788307980000,2026-09-02T00:13:00.000Z,77368.4,8.0104,4.7466,3.2638,1.4828,1372.0,57.665,contextual_snapshot.ohlc.(close_time-open_time),0.13891268533772655,0.005838483965014578,77381.7,77381.7,77358.0,77368.4,77370.2,77339.05,77339.0,77339.1,0.1,0.000129,0.0129,1390542.33,946427.61,0.19,0.19,1.4693,,0.6039,5558.0,POOR,1788307984625.0,-4625.0,544543.9,365891.28,0.1962,2.489,0.0,77339.0,7.041,77339.1,4.731,,,77341.2,0.947,,,77344.4,3.683,10.88941,1.39361,7.86683,-6.47322,16.92205,0.44058,-6.47322,0,1,-17.0,DISTRIBUTING,True,1.0,77490.0,77420.0,77490.0,-15.72,-6.67,-15.72,77472.5,sell,77.0,"vp_poc,vp_hvn,vp_vah,vp_val",77360.65,buy,66.0,"vp_hvn,orderbook_bid_wall,ema_21_15m,vp_val",77715.81,sell,56.0,"pivot_daily_pivot,val_weekly,ema_21_1h",78603.04,sell,41.0,"pivot_weekly_pivot,pivot_monthly_close",80522.2,sell,31.0,"pivot_daily_r2,pivot_weekly_r1",ok,9.75,100.0,9.5,,,,5558.0,,,NORMAL,40.4
53,1,46.0,1:46,ANALYSIS_TRIGGER,414bf9d4,BTCUSDT,1788308040000,2026-09-02T00:14:00.000Z,77400.0,4.1759,3.7913,0.3846,3.4067,1539.0,59.848,contextual_snapshot.ohlc.(close_time-open_time),0.06977509691217752,0.0027133853151397012,77368.4,77400.0,77368.4,77400.0,77380.4,77370.05,77370.0,77370.1,0.1,0.000129,0.0129,1946441.22,746500.52,0.4456,0.4456,2.6074,,0.7944,10444.0,POOR,1788308044862.0,-4862.0,953430.51,121316.32,0.7742,5.991,0.0,77370.0,12.323,77370.1,1.568,,,77373.7,1.643,,,77373.9,3.682,14.26707,1.39361,7.86683,-6.47322,20.29971,0.44058,-6.47322,0,1,-14.0,DISTRIBUTING,True,0.0,77490.0,77420.0,77490.0,-11.63,-2.58,-11.63,77378.84,buy,69.0,"vp_hvn,orderbook_bid_wall,ema_21_15m,vp_val",77490.0,sell,66.0,"vp_poc,vp_hvn,vp_vah",77715.81,sell,56.0,"pivot_daily_pivot,val_weekly,ema_21_1h",78603.04,sell,41.0,"pivot_weekly_pivot,pivot_monthly_close",80522.2,sell,31.0,"pivot_daily_r2,pivot_weekly_r1",ok,8.75,100.0,7.5,,,,10444.0,,,NORMAL,41.7
54,1,47.0,1:47,ANALYSIS_TRIGGER,76a831cb,BTCUSDT,1788308100000,2026-09-02T00:15:00.000Z,77397.0,13.5922,2.5053,11.0869,-8.5817,984.0,59.245,contextual_snapshot.ohlc.(close_time-open_time),0.22942358004894928,0.01381321138211382,77400.0,77405.3,77397.0,77397.0,77403.5,77373.65,77373.6,77373.7,0.1,0.000129,0.0129,1659230.81,651431.99,0.4362,0.4362,2.5471,,0.7856,5271.0,POOR,1788308104545.0,-4545.0,816987.84,88128.64,0.8053,1.72,0.0,77373.6,10.559,77373.7,1.139,,,77375.8,0.938,,,77376.6,0.852,5.7174,1.39361,7.86683,-6.47322,14.34035,-2.14973,-6.47322,0,1,-31.0,DISTRIBUTING,True,0.0,77400.0,77368.0,77440.0,-0.39,3.75,-5.56,77374.91,buy,82.0,"vp_poc,vp_hvn,ema_21_15m,orderbook_bid_wall,vp_val",77717.2,sell,56.0,"pivot_daily_pivot,val_weekly,ema_21_1h",77465.0,sell,50.0,"vp_hvn,vp_vah",78603.04,sell,41.0,"pivot_weekly_pivot,pivot_monthly_close",80522.2,sell,31.0,"pivot_daily_r2,pivot_weekly_r1",ok,9.5,100.0,9.0,,,,5271.0,,,NORMAL,42.9
55,1,48.0,1:48,ANALYSIS_TRIGGER,4ffc898f,BTCUSDT,1788308160000,2026-09-02T00:16:00.000Z,77418.0,6.4674,4.2135,2.2538,1.9597,2025.0,59.371,contextual_snapshot.ohlc.(close_time-open_time),0.10893197015377877,0.0031937777777777776,77397.0,77436.9,77397.0,77418.0,77420.0,77386.65,77386.6,77386.7,0.1,0.000129,0.0129,1680238.2,781865.66,0.3649,0.3649,2.149,,0.7244,4706.0,DEGRADED,1788308163946.0,-3946.0,785087.06,188127.07,0.6134,2.559,0.0,77386.6,10.145,77386.7,2.431,77380.8,2.504,77390.7,3.694,77380.7,3.195,,,7.6708,1.39361,7.86683,-6.47322,14.90316,-0.75914,-6.47322,0,1,-8.0,NEUTRAL,True,0.0,77400.0,77368.0,77440.0,2.33,6.46,-2.84,77385.67,buy,93.0,"vp_poc,vp_hvn,ema_21_15m,vp_vah,orderbook_bid_wall,vp_val",77717.2,sell,56.0,"pivot_daily_pivot,val_weekly,ema_21_1h",78603.04,sell,41.0,"pivot_weekly_pivot,pivot_monthly_close",80522.2,sell,31.0,"pivot_daily_r2,pivot_weekly_r1",,,,,ok,10.0,100.0,10.0,,,,4706.0,,,NORMAL,44.0
56,1,49.0,1:49,ANALYSIS_TRIGGER,eff40fdd,BTCUSDT,1788308220000,2026-09-02T00:17:00.000Z,77397.0,4.1403,0.1881,3.9522,-3.7641,818.0,59.504,contextual_snapshot.ohlc.(close_time-open_time),0.06958019628932509,0.005061491442542787,77418.0,77418.0,77397.0,77397.0,77412.7,77383.65,77383.6,77383.7,0.1,0.000129,0.0129,2267042.69,958597.84,0.4056,0.4056,2.365,,0.7582,5738.0,POOR,1788308224967.0,-4967.0,924037.57,111122.99,0.7853,2.874,0.0,77383.6,11.941,77383.7,1.436,,,77384.0,3.68,,,77390.7,3.71,4.45658,1.39361,7.86683,-6.47322,12.23876,-1.30896,-6.47322,0,1,-43.0,DISTRIBUTING,True,0.0,77400.0,77368.0,77440.0,-0.39,3.75,-5.56,77375.69,buy,82.0,"vp_poc,vp_hvn,ema_21_15m,orderbook_bid_wall,vp_val",77717.25,sell,56.0,"pivot_daily_pivot,val_weekly,ema_21_1h",77465.0,sell,50.0,"vp_hvn,vp_vah",78603.04,sell,41.0,"pivot_weekly_pivot,pivot_monthly_close",80522.2,sell,31.0,"pivot_daily_r2,pivot_weekly_r1",ok,8.75,100.0,7.5,,,,5738.0,,,NORMAL,45.1
57,1,50.0,1:50,ANALYSIS_TRIGGER,0bdaf078,BTCUSDT,1788308280000,2026-09-02T00:18:00.000Z,77439.5,3.835,3.1596,0.6754,2.4842,1637.0,58.8,contextual_snapshot.ohlc.(close_time-open_time),0.06522108843537415,0.002342700061087355,77397.0,77439.5,77397.0,77439.5,77416.2,77411.85,77411.8,77411.9,0.1,0.000129,0.0129,2115851.43,686910.01,0.5098,0.5098,3.0802,,0.853,5625.0,POOR,1788308284750.0,-4750.0,1310814.01,129432.7,0.8203,7.253,0.0,77411.8,16.933,77411.9,1.672,77406.8,1.254,77416.8,3.685,77406.7,6.664,,,6.62074,1.39361,7.86683,-6.47322,13.6915,-0.59754,-6.47322,0,1,-10.0,NEUTRAL,False,0.0,77400.0,77368.0,77440.0,5.1,9.23,-0.06,77389.04,buy,93.0,"vp_poc,vp_hvn,ema_21_15m,vp_vah,orderbook_bid_wall,vp_val",77717.25,sell,56.0,"pivot_daily_pivot,val_weekly,ema_21_1h",78603.04,sell,42.0,"pivot_weekly_pivot,pivot_monthly_close",80522.2,sell,31.0,"pivot_daily_r2,pivot_weekly_r1",,,,,ok,9.5,100.0,9.0,,,,5625.0,,,NORMAL,46.2
58,1,50.0,1:50,Alerta,0c100760,BTCUSDT,1788308286533,2026-09-02T00:18:06.533+00:00,,,,,,,,missing,,,,,,,,,,,,,,,,,,,,,,,,,,,,,,,,,,,,,,,,,,,,,,,,,0,0,,,False,,,,,,,,,,,,,,,,,,,,,,,,,,,,,,,,,,,,,,,
59,1,51.0,1:51,ANALYSIS_TRIGGER,d13d5817,BTCUSDT,1788308340000,2026-09-02T00:19:00.000Z,77460.0,3.7238,1.941,1.7828,0.1582,1455.0,59.459,contextual_snapshot.ohlc.(close_time-open_time),0.06262802939840899,0.0025593127147766326,77439.5,77460.0,77439.5,77460.0,77446.7,77401.05,77401.0,77401.1,0.1,0.000129,0.0129,205719.24,5255700.4,-0.9247,-0.9247,0.0391,,0.1265,13038.0,POOR,1788308346457.0,-6457.0,3018.64,1883865.37,-0.9968,0.008,0.0,77395.9,0.796,77401.1,24.339,77395.4,0.795,,,,,,,6.58343,1.39361,7.86683,-6.47322,13.65419,-0.59754,-6.47322,0,1,-30.0,DISTRIBUTING,False,0.0,77400.0,77368.0,77440.0,7.75,11.88,2.58,77393.53,buy,80.0,"vp_poc,vp_hvn,vp_vah,ema_21_15m,vp_val",77718.88,sell,56.0,"pivot_daily_pivot,val_weekly,ema_21_1h",77513.73,sell,54.0,"orderbook_ask_wall,vp_hvn",78603.04,sell,42.0,"pivot_weekly_pivot,pivot_monthly_close",80522.2,sell,31.0,"pivot_daily_r2,pivot_weekly_r1",ok,9.5,100.0,9.0,,,,13038.0,,,NORMAL,47.2
60,1,52.0,1:52,ANALYSIS_TRIGGER,fb2ef774,BTCUSDT,1788308400000,2026-09-02T00:20:00.000Z,77398.9,5.475,1.7818,3.6932,-1.9114,1925.0,59.405,contextual_snapshot.ohlc.(close_time-open_time),0.09216395926268832,0.002844155844155844,77460.0,77460.0,77390.0,77398.9,77422.6,77356.85,77356.8,77356.9,0.1,0.000129,0.0129,555799.08,4281320.45,-0.7702,-0.7702,0.1298,,0.1819,6830.0,POOR,1788308406013.0,-6013.0,377810.61,358471.87,0.0263,0.1,0.0,77356.8,4.884,77356.9,4.634,77353.4,0.752,77359.8,1.315,77351.8,0.742,77359.9,6.239,4.47366,1.39361,7.86683,-6.47322,12.29924,-1.35236,-6.47322,0,1,-42.0,DISTRIBUTING,True,0.0,77397.0,77368.0,77439.0,0.25,3.99,-5.18,77393.37,buy,78.0,"vp_poc,vp_hvn,vp_vah,ema_21_15m,vp_val",77718.38,sell,56.0,"pivot_daily_pivot,val_weekly,ema_21_1h",77483.15,sell,54.0,"orderbook_ask_wall,vp_hvn",78603.04,sell,41.0,"pivot_weekly_pivot,pivot_monthly_close",80522.2,sell,31.0,"pivot_daily_r2,pivot_weekly_r1",ok,9.5,100.0,9.0,,,,6830.0,,,NORMAL,48.1
61,1,53.0,1:53,ANALYSIS_TRIGGER,c4c1de74,BTCUSDT,1788308460000,2026-09-02T00:21:00.000Z,77374.0,3.0538,2.0188,1.035,0.9838,677.0,58.709,contextual_snapshot.ohlc.(close_time-open_time),0.05201587490844674,0.004510782865583456,77398.9,77398.9,77374.0,77374.0,77386.3,77346.85,77346.8,77346.9,0.1,0.000129,0.0129,871754.86,834516.35,0.0218,0.0218,1.0446,,0.511,5425.0,POOR,1788308464462.0,-4462.0,574377.34,299951.28,0.3139,1.146,0.0,77346.8,7.426,77346.9,3.878,77339.9,1.729,,,,,,,5.63576,1.39361,7.86683,-6.47322,13.46134,-1.35236,-6.47322,0,1,-15.0,DISTRIBUTING,True,0.0,77397.0,77368.0,77439.0,-2.97,0.78,-8.4,77392.55,sell,78.0,"vp_poc,vp_hvn,vp_vah,ema_21_15m,vp_val",77715.95,sell,56.0,"pivot_daily_pivot,val_weekly,ema_21_1h",78603.04,sell,41.0,"pivot_weekly_pivot,pivot_monthly_close",80522.2,sell,31.0,"pivot_daily_r2,pivot_weekly_r1",,,,,ok,9.75,100.0,9.5,,,,5425.0,,,NORMAL,49.1
62,1,54.0,1:54,ANALYSIS_TRIGGER,07bcc213,BTCUSDT,1788308520000,2026-09-02T00:22:00.000Z,77370.2,0.7667,0.285,0.4816,-0.1966,241.0,59.16,contextual_snapshot.ohlc.(close_time-open_time),0.01295977011494253,0.003181327800829876,77374.0,77374.0,77370.2,77370.2,77372.5,77331.05,77331.0,77331.1,0.1,0.000129,0.0129,705405.98,683232.28,0.016,0.016,1.0325,,0.508,5384.0,POOR,1788308524594.0,-4594.0,578126.56,379463.71,0.2075,1.226,0.0,77331.0,7.476,77331.1,4.907,77326.1,0.26,,,77324.9,0.565,,,5.33867,1.39361,7.86683,-6.47322,13.16425,-1.35236,-6.47322,0,1,-22.0,DISTRIBUTING,True,0.0,77397.0,77368.0,77439.0,-3.46,0.28,-8.89,77392.55,sell,78.0,"vp_poc,vp_hvn,vp_vah,ema_21_15m,vp_val",77715.95,sell,56.0,"pivot_daily_pivot,val_weekly,ema_21_1h",78603.04,sell,41.0,"pivot_weekly_pivot,pivot_monthly_close",80522.2,sell,31.0,"pivot_daily_r2,pivot_weekly_r1",,,,,ok,9.75,100.0,9.5,,,,5384.0,,,NORMAL,50.0
63,1,55.0,1:55,ANALYSIS_TRIGGER,29024994,BTCUSDT,1788308580000,2026-09-02T00:23:00.000Z,77444.4,12.2858,9.5042,2.7816,6.7226,4322.0,59.609,contextual_snapshot.ohlc.(close_time-open_time),0.2061064604338271,0.0028426191577973162,77370.2,77462.0,77348.1,77444.4,77409.9,77391.85,77391.8,77391.9,0.1,0.000129,0.0129,194630.2,3355026.18,-0.8903,-0.8903,0.058,,0.1387,9319.0,POOR,1788308588522.0,-8522.0,66556.95,1369914.02,-0.9073,0.028,0.0,77391.8,0.86,77391.9,17.701,77386.2,0.614,,,77384.8,0.614,,,11.98629,1.39361,7.86683,-6.47322,18.64117,-0.18166,-6.47322,0,1,-37.0,DISTRIBUTING,True,0.0,77397.0,77368.0,77439.0,6.12,9.87,0.7,77392.25,buy,78.0,"vp_poc,vp_hvn,vp_vah,ema_21_15m,vp_val",77715.05,sell,56.0,"pivot_daily_pivot,val_weekly,ema_21_1h",77505.92,sell,54.0,"orderbook_ask_wall,vp_hvn",78603.04,sell,42.0,"pivot_weekly_pivot,pivot_monthly_close",80522.2,sell,31.0,"pivot_daily_r2,pivot_weekly_r1",ok,9.5,100.0,9.0,,,,9319.0,,,NORMAL,50.9
64,1,55.0,1:55,Alerta,f1e4742b,BTCUSDT,1788308590275,2026-09-02T00:23:10.275+00:00,,,,,,,,missing,,,,,,,,,,,,,,,,,,,,,,,,,,,,,,,,,,,,,,,,,,,,,,,,,0,0,,,False,,,,,,,,,,,,,,,,,,,,,,,,,,,,,,,,,,,,,,,
65,1,56.0,1:56,ANALYSIS_TRIGGER,30121eda,BTCUSDT,1788308640000,2026-09-02T00:24:00.000Z,77406.1,4.0584,1.2223,2.8361,-1.6138,2001.0,59.729,contextual_snapshot.ohlc.(close_time-open_time),0.06794689346883423,0.0020281859070464766,77444.4,77444.4,77406.1,77406.1,77429.6,77373.15,77373.1,77373.2,0.1,0.000129,0.0129,432654.71,1463374.37,-0.5436,-0.5436,0.2957,,0.2665,5487.0,POOR,1788308644786.0,-4786.0,186159.68,863562.29,-0.6453,0.183,0.0,77373.1,2.406,77373.2,11.161,,,77374.3,3.68,,,,,10.43528,1.39361,7.86683,-6.47322,17.09016,-0.18166,-6.47322,0,1,-40.0,DISTRIBUTING,False,0.0,77397.0,77368.0,77439.0,1.18,4.92,-4.25,77392.25,buy,78.0,"vp_poc,vp_hvn,vp_vah,ema_21_15m,vp_val",77715.05,sell,56.0,"pivot_daily_pivot,val_weekly,ema_21_1h",77486.76,sell,54.0,"orderbook_ask_wall,vp_hvn",78603.04,sell,41.0,"pivot_weekly_pivot,pivot_monthly_close",80522.2,sell,31.0,"pivot_daily_r2,pivot_weekly_r1",ok,9.5,100.0,9.0,,,,5487.0,,,NORMAL,51.7
66,1,57.0,1:57,ANALYSIS_TRIGGER,00c218b1,BTCUSDT,1788308700000,2026-09-02T00:25:00.000Z,77400.0,1.8715,1.2171,0.6545,0.5626,744.0,58.846,contextual_snapshot.ohlc.(close_time-open_time),0.03180335111987221,0.002515456989247312,77406.1,77412.0,77400.0,77400.0,77407.1,77365.15,77365.1,77365.2,0.1,0.000129,0.0129,676863.69,518513.11,0.1325,0.1325,1.3054,,0.5703,11319.0,POOR,1788308705170.0,-5170.0,335532.44,254299.41,0.1377,1.891,0.0,77365.1,4.337,77365.2,3.287,77365.0,3.214,,,77362.8,0.261,,,11.12643,1.39361,7.86683,-6.47322,17.78131,-0.18166,-6.47322,0,1,-13.0,DISTRIBUTING,False,0.0,77397.0,77374.0,77444.0,0.39,3.36,-5.68,77379.25,buy,75.0,"vp_poc,vp_hvn,ema_21_15m,orderbook_bid_wall,vp_val",77714.97,sell,56.0,"pivot_daily_pivot,val_weekly,ema_21_1h",77459.33,sell,47.0,"vp_hvn,vp_vah",78603.04,sell,41.0,"pivot_weekly_pivot,pivot_monthly_close",80522.2,sell,31.0,"pivot_daily_r2,pivot_weekly_r1",ok,9.75,100.0,9.5,,,,11319.0,,,NORMAL,52.5
67,1,58.0,1:58,ANALYSIS_TRIGGER,e0d5aac3,BTCUSDT,1788308760000,2026-09-02T00:26:00.000Z,77358.1,3.78,1.8837,1.8963,-0.0126,1034.0,59.276,contextual_snapshot.ohlc.(close_time-open_time),0.06376948512045347,0.003655705996131528,77400.0,77400.0,77358.1,77358.1,77377.2,77325.45,77325.4,77325.5,0.1,0.000129,0.0129,408505.27,1528065.31,-0.5781,-0.5781,0.2673,,0.2533,7075.0,POOR,1788308766147.0,-6147.0,165940.31,521173.87,-0.517,0.31,0.0,77325.4,2.146,77325.5,6.74,77325.2,1.965,77326.6,4.09,77319.8,0.413,77330.5,3.685,11.0868,1.39361,7.86683,-6.47322,17.74168,-0.18166,-6.47322,0,1,-22.0,DISTRIBUTING,True,0.0,77397.0,77374.0,77444.0,-5.03,-2.06,-11.1,77403.49,sell,88.0,"vp_poc,vp_hvn,ema_21_15m,vp_vah,orderbook_ask_wall,vp_val",77714.97,sell,56.0,"pivot_daily_pivot,val_weekly,ema_21_1h",78603.04,sell,41.0,"pivot_weekly_pivot,pivot_monthly_close",80522.2,sell,31.0,"pivot_daily_r2,pivot_weekly_r1",,,,,ok,9.5,100.0,9.0,,,,7075.0,,,NORMAL,53.3
68,1,59.0,1:59,ANALYSIS_TRIGGER,a9254e7b,BTCUSDT,1788308820000,2026-09-02T00:27:00.000Z,77354.1,3.3029,1.339,1.9639,-0.6249,950.0,57.958,contextual_snapshot.ohlc.(close_time-open_time),0.056987818765312816,0.0034767368421052634,77358.1,77358.9,77344.3,77354.1,77349.6,77317.95,77317.9,77318.0,0.1,0.000129,0.0129,394614.48,1580168.0,-0.6003,-0.6003,0.2497,,0.2449,5734.0,POOR,1788308824838.0,-4838.0,84508.46,955727.8,-0.8375,0.128,0.0,77317.9,1.093,77318.0,12.361,,,77320.9,3.759,,,,,10.40389,1.39361,7.86683,-6.47322,17.05877,-0.18166,-6.47322,0,1,-31.0,DISTRIBUTING,True,1.0,77397.0,77374.0,77444.0,-5.55,-2.57,-11.62,77402.91,sell,88.0,"vp_poc,vp_hvn,ema_21_15m,vp_vah,orderbook_ask_wall,vp_val",77714.31,sell,56.0,"pivot_daily_pivot,val_weekly,ema_21_1h",78603.04,sell,41.0,"pivot_weekly_pivot,pivot_monthly_close",80522.2,sell,31.0,"pivot_daily_r2,pivot_weekly_r1",,,,,ok,9.5,100.0,9.0,,,,5734.0,,,NORMAL,54.1
69,1,59.0,1:59,Alerta,c90fce16,BTCUSDT,1788308826708,2026-09-02T00:27:06.708+00:00,,,,,,,,missing,,,,,,,,,,,,,,,,,,,,,,,,,,,,,,,,,,,,,,,,,,,,,,,,,0,0,,,False,,,,,,,,,,,,,,,,,,,,,,,,,,,,,,,,,,,,,,,
70,1,60.0,1:60,ANALYSIS_TRIGGER,157332d9,BTCUSDT,1788308880000,2026-09-02T00:28:00.000Z,77313.6,6.1343,1.2404,4.8939,-3.6535,1799.0,59.586,contextual_snapshot.ohlc.(close_time-open_time),0.10294867921995099,0.0034098387993329628,77354.1,77354.1,77306.0,77313.6,77325.5,77273.55,77273.5,77273.6,0.1,0.000129,0.0129,451192.01,1876320.45,-0.6123,-0.6123,0.2405,,0.2404,7298.0,POOR,1788308886554.0,-6554.0,306312.15,1044661.8,-0.5465,0.236,0.0,77273.5,3.964,77273.6,13.519,77272.3,0.652,77276.4,3.731,77267.0,0.481,,,6.31185,1.39361,7.86683,-6.47322,12.96673,-0.18166,-6.47322,0,1,-50.0,DISTRIBUTING,True,0.0,77397.0,77374.0,77444.0,-10.79,-7.81,-16.87,77398.85,sell,88.0,"vp_poc,vp_hvn,ema_21_15m,vp_vah,orderbook_ask_wall,vp_val",77714.31,sell,56.0,"pivot_daily_pivot,val_weekly,ema_21_1h",78603.04,sell,41.0,"pivot_weekly_pivot,pivot_monthly_close",80522.2,sell,31.0,"pivot_daily_r2,pivot_weekly_r1",,,,,ok,9.5,100.0,9.0,,,,7298.0,,,NORMAL,54.8
71,1,60.0,1:60,Alerta,24022e1e,BTCUSDT,1788308888235,2026-09-02T00:28:08.235+00:00,,,,,,,,missing,,,,,,,,,,,,,,,,,,,,,,,,,,,,,,,,,,,,,,,,,,,,,,,,,0,0,,,False,,,,,,,,,,,,,,,,,,,,,,,,,,,,,,,,,,,,,,,
72,1,61.0,1:61,ANALYSIS_TRIGGER,41af9017,BTCUSDT,1788308940000,2026-09-02T00:29:00.000Z,77304.7,4.3519,2.4817,1.8702,0.6115,853.0,59.466,contextual_snapshot.ohlc.(close_time-open_time),0.07318299532505969,0.005101875732708088,77313.6,77313.6,77304.6,77304.7,77309.0,77263.95,77263.9,77264.0,0.1,0.000129,0.0129,650862.62,1047973.17,-0.2338,-0.2338,0.6211,,0.392,6613.0,POOR,1788308945830.0,-5830.0,510173.53,334939.44,0.2073,1.308,0.0,77263.9,6.603,77264.0,4.335,77257.9,0.33,77269.1,3.682,77257.2,0.539,,,10.04928,1.39361,7.86683,-6.47322,15.00445,1.51805,-6.47322,0,1,-18.0,DISTRIBUTING,True,0.0,77397.0,77374.0,77444.0,-11.94,-8.96,-18.02,77397.63,sell,88.0,"vp_poc,vp_hvn,ema_21_15m,vp_vah,orderbook_ask_wall,vp_val",77713.05,sell,56.0,"pivot_daily_pivot,val_weekly,ema_21_1h",78603.04,sell,41.0,"pivot_weekly_pivot,pivot_monthly_close",80522.2,sell,31.0,"pivot_daily_r2,pivot_weekly_r1",,,,,ok,9.75,100.0,9.5,,,,6613.0,,,NORMAL,55.6
73,1,62.0,1:62,ANALYSIS_TRIGGER,4fcf76fe,BTCUSDT,1788309000000,2026-09-02T00:30:00.000Z,77262.9,9.5127,4.4463,5.0664,-0.6202,1955.0,59.492,contextual_snapshot.ohlc.(close_time-open_time),0.15989880992402342,0.004865831202046036,77304.6,77304.6,77255.9,77262.9,77284.0,77227.65,77227.6,77227.7,0.1,0.000129,0.0129,506142.59,1711407.99,-0.5435,-0.5435,0.2957,,0.2665,8380.0,POOR,1788309005329.0,-5329.0,389767.7,701922.57,-0.2859,0.371,0.0,77227.6,5.047,77227.7,9.089,,,77227.9,3.708,,,77233.5,3.996,6.79797,1.39361,7.86683,-6.47322,11.75314,1.51805,-6.47322,0,1,-25.0,DISTRIBUTING,True,0.0,77397.0,77374.0,77450.0,-17.36,-14.38,-24.22,77395.31,sell,86.0,"vp_poc,vp_hvn,ema_21_15m,vp_vah,orderbook_ask_wall,vp_val",77712.89,sell,56.0,"pivot_daily_pivot,val_weekly,ema_21_1h",78603.04,sell,41.0,"pivot_weekly_pivot,pivot_monthly_close",80522.2,sell,31.0,"pivot_daily_r2,pivot_weekly_r1",,,,,ok,9.5,100.0,9.0,,,,8380.0,,,NORMAL,56.2
74,1,63.0,1:63,ANALYSIS_TRIGGER,4459870d,BTCUSDT,1788309060000,2026-09-02T00:31:00.000Z,77262.7,6.5063,3.765,2.7413,1.0237,2527.0,59.329,contextual_snapshot.ohlc.(close_time-open_time),0.10966475079640649,0.0025747130985358134,77262.9,77269.6,77230.7,77262.7,77251.0,77236.75,77236.7,77236.8,0.1,0.000129,0.0129,2590730.21,344105.1,0.7655,0.7655,7.5289,,0.9297,18300.0,CRITICAL,1788309072173.0,-12173.0,817550.47,88513.37,0.8046,10.907,0.0,77236.7,10.585,77236.8,1.146,,,77239.1,0.517,,,77240.5,0.582,8.4726,1.39361,7.86683,-6.47322,13.42777,1.51805,-6.47322,0,1,2.0,NEUTRAL,False,1.0,77397.0,77374.0,77450.0,-17.38,-14.41,-24.24,77393.2,sell,65.0,"vp_poc,vp_hvn,ema_21_15m,vp_val",77710.32,sell,56.0,"pivot_daily_pivot,val_weekly,ema_21_1h",77470.0,sell,51.0,"vp_hvn,vp_vah",78603.04,sell,41.0,"pivot_weekly_pivot,pivot_monthly_close",80522.2,sell,31.0,"pivot_daily_r2,pivot_weekly_r1",ok,9.25,100.0,8.5,,,,18300.0,,,NORMAL,56.9
75,1,63.0,1:63,Alerta,812a5861,BTCUSDT,1788309079248,2026-09-02T00:31:19.248+00:00,,,,,,,,missing,,,,,,,,,,,,,,,,,,,,,,,,,,,,,,,,,,,,,,,,,,,,,,,,,0,0,,,False,,,,,,,,,,,,,,,,,,,,,,,,,,,,,,,,,,,,,,,
76,1,64.0,1:64,ANALYSIS_TRIGGER,5c30f491,BTCUSDT,1788309120000,2026-09-02T00:32:00.000Z,77322.0,6.4566,5.5201,0.9365,4.5836,3773.0,59.537,contextual_snapshot.ohlc.(close_time-open_time),0.10844684817844366,0.0017112642459581235,77262.7,77323.5,77246.0,77322.0,77281.1,77287.65,77287.6,77287.7,0.1,0.000129,0.0129,628105.67,1254900.25,-0.3329,-0.3329,0.5005,,0.3502,5628.0,POOR,1788309124673.0,-4673.0,329245.18,229853.62,0.1778,0.838,0.0,77287.6,4.26,77290.2,3.685,77287.2,1.672,77294.1,3.685,77284.8,0.384,,,12.40358,1.39361,7.86683,-6.47322,17.35875,1.51805,-6.47322,0,1,-28.0,DISTRIBUTING,False,0.0,77397.0,77374.0,77450.0,-9.7,-6.73,-16.55,77393.81,sell,76.0,"vp_poc,vp_hvn,ema_21_15m,orderbook_ask_wall,vp_val",77710.32,sell,56.0,"pivot_daily_pivot,val_weekly,ema_21_1h",77470.0,sell,51.0,"vp_hvn,vp_vah",78603.04,sell,41.0,"pivot_weekly_pivot,pivot_monthly_close",80522.2,sell,31.0,"pivot_daily_r2,pivot_weekly_r1",ok,8.75,100.0,7.5,,,,5628.0,,,NORMAL,57.6
77,1,65.0,1:65,ANALYSIS_TRIGGER,d68d8306,BTCUSDT,1788309180000,2026-09-02T00:33:00.000Z,77338.2,6.018,5.2891,0.7289,4.5602,1587.0,58.601,contextual_snapshot.ohlc.(close_time-open_time),0.10269449326803297,0.0037920604914933836,77322.0,77338.2,77304.0,77338.2,77318.2,77290.35,77290.3,77290.4,0.1,0.000129,0.0129,339600.2,2739882.73,-0.7794,-0.7794,0.1239,,0.1786,10190.0,POOR,1788309189442.0,-9442.0,169961.37,824379.41,-0.6581,0.139,0.0,77290.3,2.199,77290.4,10.666,77285.8,0.622,,,77284.3,0.617,,,15.54171,1.39361,7.86683,-6.47322,19.76751,2.24742,-6.47322,0,1,-38.0,DISTRIBUTING,True,0.0,77397.0,77374.0,77450.0,-7.6,-4.63,-14.46,77401.42,sell,87.0,"vp_poc,vp_hvn,ema_21_15m,vp_vah,orderbook_ask_wall,vp_val",77712.62,sell,56.0,"pivot_daily_pivot,val_weekly,ema_21_1h",78603.04,sell,41.0,"pivot_weekly_pivot,pivot_monthly_close",80522.2,sell,31.0,"pivot_daily_r2,pivot_weekly_r1",,,,,ok,8.75,100.0,7.5,,,,10190.0,,,NORMAL,58.2
78,1,66.0,1:66,ANALYSIS_TRIGGER,dc9624f3,BTCUSDT,1788309240000,2026-09-02T00:34:00.000Z,77306.0,3.5278,0.9135,2.6143,-1.7007,988.0,58.201,contextual_snapshot.ohlc.(close_time-open_time),0.060614078795896975,0.003570647773279352,77338.2,77338.2,77306.0,77306.0,77319.0,77274.45,77274.4,77274.5,0.1,0.000129,0.0129,1627496.94,676560.17,0.4127,0.4127,2.4055,,0.7644,6078.0,POOR,1788309245388.0,-5388.0,551816.49,193572.62,0.4806,2.346,0.0,77274.4,7.141,77274.5,2.505,,,77278.5,2.09,,,,,15.28672,1.39361,7.86683,-6.47322,19.51252,2.24742,-6.47322,0,1,-24.0,DISTRIBUTING,True,0.0,77397.0,77374.0,77450.0,-11.77,-8.8,-18.63,77407.28,sell,71.0,"vp_poc,vp_hvn,vp_vah,vp_val",77712.62,sell,56.0,"pivot_daily_pivot,val_weekly,ema_21_1h",78603.04,sell,41.0,"pivot_weekly_pivot,pivot_monthly_close",77281.6,buy,40.0,"orderbook_bid_wall,ema_21_15m",80522.2,sell,31.0,"pivot_daily_r2,pivot_weekly_r1",ok,9.75,100.0,9.5,,,,6078.0,,,NORMAL,58.8
79,1,67.0,1:67,ANALYSIS_TRIGGER,86fd2383,BTCUSDT,1788309300000,2026-09-02T00:35:00.000Z,77254.0,4.7542,2.0536,2.7006,-0.647,2618.0,58.243,contextual_snapshot.ohlc.(close_time-open_time),0.08162697663238501,0.0018159663865546219,77306.0,77331.1,77254.0,77254.0,77302.1,77221.35,77221.3,77221.4,0.1,0.000129,0.0129,716596.67,320874.3,0.3814,0.3814,2.2333,,0.7378,5695.0,POOR,1788309304958.0,-4958.0,363557.88,9807.12,0.9475,3.794,0.0,77221.3,4.708,,,,,,,,,,,14.62053,1.39361,7.86683,-6.47322,18.07563,3.01812,-6.47322,0,1,-9.0,NEUTRAL,False,0.0,77397.0,77374.0,77490.0,-18.51,-15.53,-30.55,77381.35,sell,70.0,"vp_poc,vp_hvn,ema_21_15m,vp_val",77712.69,sell,56.0,"pivot_daily_pivot,val_weekly,ema_21_1h",77219.88,buy,52.0,"vp_hvn,orderbook_bid_wall",77474.67,sell,45.0,"vp_hvn,vp_vah",78603.04,sell,41.0,"pivot_weekly_pivot,pivot_monthly_close",ok,9.75,100.0,9.5,,,,5695.0,,,NORMAL,59.4
80,1,68.0,1:68,ANALYSIS_TRIGGER,40f88583,BTCUSDT,1788309360000,2026-09-02T00:36:00.000Z,77276.6,6.5069,3.4039,3.103,0.3008,1849.0,59.098,contextual_snapshot.ohlc.(close_time-open_time),0.11010355680395276,0.00351914548404543,77254.0,77276.6,77252.6,77276.6,77260.6,77248.85,77248.8,77248.9,0.1,0.000129,0.0129,640918.88,593440.9,0.0385,0.0385,1.08,,0.5195,8028.0,POOR,1788309365377.0,-5377.0,397213.33,165312.65,0.4122,0.832,0.0,77248.8,5.142,77248.9,2.14,,,77251.4,0.654,,,77251.5,3.711,14.94,1.39361,7.86683,-6.47322,17.715,3.69822,-6.47322,0,1,-11.0,DISTRIBUTING,True,0.0,77397.0,77374.0,77490.0,-15.58,-12.6,-27.62,77430.28,sell,60.0,"vp_poc,vp_hvn,vp_vah",77712.69,sell,56.0,"pivot_daily_pivot,val_weekly,ema_21_1h",77323.9,sell,53.0,"vp_hvn,ema_21_15m,vp_val",78603.04,sell,41.0,"pivot_weekly_pivot,pivot_monthly_close",80522.2,sell,31.0,"pivot_daily_r2,pivot_weekly_r1",ok,9.75,100.0,9.5,,,,8028.0,,,NORMAL,60.0
81,1,69.0,1:69,ANALYSIS_TRIGGER,43072889,BTCUSDT,1788309420000,2026-09-02T00:37:00.000Z,77234.0,2.4237,0.2677,2.156,-1.8882,1039.0,58.321,contextual_snapshot.ohlc.(close_time-open_time),0.04155792939078549,0.002332723772858518,77276.6,77276.6,77234.0,77234.0,77255.3,77199.05,77199.0,77199.1,0.1,0.00013,0.013,2394975.94,820447.53,0.4897,0.4897,2.9191,,0.8388,8316.0,POOR,1788309424681.0,-4681.0,1115448.35,95340.89,0.8425,4.371,0.0,77199.0,14.449,77199.1,1.235,,,77202.9,3.685,,,77206.8,3.681,12.90805,1.39361,7.86683,-6.47322,15.68305,3.69822,-6.47322,0,1,-36.0,DISTRIBUTING,True,0.0,77397.0,77374.0,77490.0,-21.1,-18.13,-33.15,77380.54,sell,70.0,"vp_poc,vp_hvn,ema_21_15m,vp_val",77710.67,sell,56.0,"pivot_daily_pivot,val_weekly,ema_21_1h",77209.89,buy,52.0,"vp_hvn,orderbook_bid_wall",77474.67,sell,45.0,"vp_hvn,vp_vah",78603.04,sell,41.0,"pivot_weekly_pivot,pivot_monthly_close",ok,8.75,100.0,7.5,,,,8316.0,,,NORMAL,60.6
82,1,70.0,1:70,ANALYSIS_TRIGGER,7aedafdd,BTCUSDT,1788309480000,2026-09-02T00:38:00.000Z,77247.6,4.7631,2.3643,2.3988,-0.0344,2108.0,58.413,contextual_snapshot.ohlc.(close_time-open_time),0.08154178008320066,0.0022595351043643262,77234.0,77247.6,77220.0,77247.6,77229.7,77214.95,77214.9,77215.0,0.1,0.00013,0.013,214646.76,2209545.97,-0.8229,-0.8229,0.0971,,0.1628,7090.0,POOR,1788309486272.0,-6272.0,94974.33,1154364.25,-0.848,0.063,0.0,77214.9,1.23,77215.0,14.95,77207.7,0.462,,,77206.5,0.481,,,12.95269,1.39361,7.86683,-6.47322,16.54681,2.8791,-6.47322,0,1,-28.0,DISTRIBUTING,False,0.0,77397.0,77374.0,77490.0,-19.34,-16.36,-31.38,77322.79,sell,67.0,"orderbook_ask_wall,vp_hvn,ema_21_15m,vp_val",77430.28,sell,60.0,"vp_poc,vp_hvn,vp_vah",77710.67,sell,56.0,"pivot_daily_pivot,val_weekly,ema_21_1h",78603.04,sell,41.0,"pivot_weekly_pivot,pivot_monthly_close",80522.2,sell,31.0,"pivot_daily_r2,pivot_weekly_r1",ok,9.5,100.0,9.0,,,,7090.0,,,NORMAL,61.1
83,1,71.0,1:71,ANALYSIS_TRIGGER,045ee2ea,BTCUSDT,1788309540000,2026-09-02T00:39:00.000Z,77174.3,8.3618,0.7888,7.573,-6.7842,1926.0,57.622,contextual_snapshot.ohlc.(close_time-open_time),0.14511471313040158,0.0043415368639667705,77247.6,77247.6,77171.5,77174.3,77198.9,77129.35,77129.3,77129.4,0.1,0.00013,0.013,1533036.36,773665.33,0.3292,0.3292,1.9815,,0.6969,8878.0,POOR,1788309547940.0,-7940.0,656601.73,111297.72,0.7101,3.713,0.0,77129.3,8.513,77129.4,1.443,,,77137.3,3.718,,,,,6.55222,1.39361,7.86683,-6.47322,12.6998,0.32564,-6.47322,0,1,-41.0,DISTRIBUTING,True,0.0,77397.0,77374.0,77490.0,-28.86,-25.88,-40.91,77430.28,sell,60.0,"vp_poc,vp_hvn,vp_vah",77708.45,sell,56.0,"pivot_daily_pivot,val_weekly,ema_21_1h",77320.5,sell,53.0,"vp_hvn,ema_21_15m,vp_val",78603.04,sell,41.0,"pivot_weekly_pivot,pivot_monthly_close",80522.2,sell,31.0,"pivot_daily_r2,pivot_weekly_r1",ok,8.75,100.0,7.5,,,,8878.0,,,NORMAL,61.6
84,1,72.0,1:72,ANALYSIS_TRIGGER,4900aa0c,BTCUSDT,1788309600000,2026-09-02T00:40:00.000Z,77207.1,16.4853,10.2208,6.2645,3.9564,2823.0,58.546,contextual_snapshot.ohlc.(close_time-open_time),0.2815785877771325,0.005839638682252922,77174.3,77208.3,77171.5,77207.1,77185.7,77172.95,77172.9,77173.0,0.1,0.00013,0.013,2384848.35,177589.17,0.8614,0.8614,13.429,,0.9584,10509.0,POOR,1788309607939.0,-7939.0,1264169.27,6868.4,0.9892,144.379,0.0,77172.9,16.381,77179.0,0.431,77172.8,3.126,77179.9,0.469,77170.8,3.016,77180.0,0.74,10.58145,1.39361,10.29397,-8.90036,17.9096,1.57221,-8.90036,0,1,3.0,NEUTRAL,True,0.0,77397.0,77338.0,77490.0,-24.6,-16.95,-36.64,77427.96,sell,61.0,"vp_poc,vp_hvn,vp_vah",77708.28,sell,56.0,"pivot_daily_pivot,val_weekly,ema_21_1h",77189.13,buy,51.0,"vp_hvn,orderbook_bid_wall",77308.5,sell,44.0,"vp_hvn,ema_21_15m,vp_val",78603.04,sell,41.0,"pivot_weekly_pivot,pivot_monthly_close",ok,9.5,100.0,9.0,,,,10509.0,,,NORMAL,62.2
85,1,73.0,1:73,ANALYSIS_TRIGGER,709e0dde,BTCUSDT,1788309660000,2026-09-02T00:41:00.000Z,77151.6,7.3267,2.1646,5.1622,-2.9976,2457.0,59.774,contextual_snapshot.ohlc.(close_time-open_time),0.12257335965469936,0.002981969881969882,77207.1,77210.1,77151.6,77151.6,77186.9,77117.85,77117.8,77117.9,0.1,0.00013,0.013,4279142.18,339560.72,0.853,0.853,12.602,,0.9559,8013.0,POOR,1788309665704.0,-5704.0,850069.51,122386.11,0.7483,4.414,0.0,77117.8,11.023,77117.9,1.587,77111.3,7.206,77120.0,1.005,77111.0,24.626,77123.1,0.502,7.17302,1.39361,10.29397,-8.90036,15.00117,1.07221,-8.90036,0,1,-12.0,DISTRIBUTING,True,0.0,77397.0,77338.0,77490.0,-31.81,-24.16,-43.86,77379.27,sell,65.0,"vp_poc,vp_hvn,ema_21_15m,vp_val",77707.43,sell,58.0,"pivot_daily_pivot,val_weekly,ema_21_1h",77472.44,sell,52.0,"vp_hvn,vp_vah",78603.04,sell,41.0,"pivot_weekly_pivot,pivot_monthly_close",80522.2,sell,31.0,"pivot_daily_r2,pivot_weekly_r1",ok,9.5,100.0,9.0,,,,8013.0,,,NORMAL,62.7
86,1,73.0,1:73,Alerta,01d17eed,BTCUSDT,1788309668955,2026-09-02T00:41:08.955+00:00,,,,,,,,missing,,,,,,,,,,,,,,,,,,,,,,,,,,,,,,,,,,,,,,,,,,,,,,,,,0,0,,,False,,,,,,,,,,,,,,,,,,,,,,,,,,,,,,,,,,,,,,,
87,1,74.0,1:74,ANALYSIS_TRIGGER,5611602b,BTCUSDT,1788309720000,2026-09-02T00:42:00.000Z,77145.4,10.9584,5.7423,5.216,0.5263,2505.0,58.215,contextual_snapshot.ohlc.(close_time-open_time),0.18824014429270805,0.004374610778443113,77151.6,77186.0,77132.0,77145.4,77153.9,77120.35,77120.3,77120.4,0.1,0.00013,0.013,1008628.64,1199648.96,-0.0865,-0.0865,0.8408,,0.4581,8944.0,POOR,1788309725154.0,-5154.0,436192.42,372183.05,0.0792,1.231,0.0,77120.3,5.656,77120.4,4.826,,,77124.3,2.102,,,77125.5,3.194,8.12478,1.39361,10.29397,-8.90036,15.95293,1.07221,-8.90036,0,1,-13.0,DISTRIBUTING,True,0.0,77397.0,77338.0,77490.0,-32.61,-24.97,-44.67,77379.27,sell,65.0,"vp_poc,vp_hvn,ema_21_15m,vp_val",77707.43,sell,58.0,"pivot_daily_pivot,val_weekly,ema_21_1h",77472.44,sell,52.0,"vp_hvn,vp_vah",78603.04,sell,41.0,"pivot_weekly_pivot,pivot_monthly_close",77230.76,sell,39.0,"orderbook_ask_wall,vp_hvn",ok,9.75,100.0,9.5,,,,8944.0,,,NORMAL,63.2
88,1,74.0,1:74,Alerta,403cd583,BTCUSDT,1788309730073,2026-09-02T00:42:10.073+00:00,,,,,,,,missing,,,,,,,,,,,,,,,,,,,,,,,,,,,,,,,,,,,,,,,,,,,,,,,,,0,0,,,False,,,,,,,,,,,,,,,,,,,,,,,,,,,,,,,,,,,,,,,
89,1,75.0,1:75,ANALYSIS_TRIGGER,0f35bd62,BTCUSDT,1788309780000,2026-09-02T00:43:00.000Z,77197.8,5.654,4.9209,0.7331,4.1878,2583.0,59.243,contextual_snapshot.ohlc.(close_time-open_time),0.09543743564640547,0.00218892760356175,77145.4,77197.8,77145.4,77197.8,77170.4,77178.35,77178.3,77178.4,0.1,0.00013,0.013,810671.48,675177.93,0.0912,0.0912,1.2007,,0.5474,7131.0,POOR,1788309786374.0,-6374.0,572508.63,295438.92,0.3192,1.579,0.0,77178.3,7.418,77178.4,3.828,77178.1,0.493,,,77177.8,0.54,,,11.08955,1.39361,10.29397,-8.90036,18.9177,1.07221,-8.90036,0,1,-20.0,DISTRIBUTING,False,0.0,77397.0,77338.0,77490.0,-25.8,-18.16,-37.85,77426.3,sell,61.0,"vp_poc,vp_hvn,vp_vah",77707.6,sell,58.0,"pivot_daily_pivot,val_weekly,ema_21_1h",77307.95,sell,44.0,"vp_hvn,ema_21_15m,vp_val",78603.04,sell,41.0,"pivot_weekly_pivot,pivot_monthly_close",77186.03,sell,40.0,"vp_hvn,orderbook_bid_wall",ok,8.75,100.0,7.5,,,,7131.0,,,NORMAL,63.6
90,2,1.0,2:1,ANALYSIS_TRIGGER,158173eb,BTCUSDT,1788397800000,2026-09-03T01:10:00.000Z,77270.0,1.9924,0.5065,1.4859,-0.9794,1538.0,20.888,contextual_snapshot.ohlc.(close_time-open_time),0.09538490999617004,0.001295448634590377,77320.0,77320.0,77270.0,77270.0,77301.1,77246.25,77246.2,77246.3,0.1,0.000129,0.0129,2391846.2,297099.51,0.779,0.779,8.0507,,0.9337,10389.0,POOR,1788397805208.0,-5208.0,1165336.17,128692.34,0.8011,9.265,50.0,77246.2,15.086,77246.3,1.666,,,77251.1,0.624,,,77252.7,0.626,-0.27208,0.0,0.0,0.0,-0.27208,0.0,0.0,0,1,10.0,NEUTRAL,False,0.0,77070.0,77004.0,77135.0,25.88,34.42,17.47,77168.93,buy,74.0,"vp_hvn,vp_vah,ema_21_15m,orderbook_bid_wall,pivot_daily_pivot",77068.01,buy,56.0,"vp_poc,vp_hvn,vp_val",77299.21,sell,53.0,"ema_21_1h,pivot_daily_close,vp_hvn",78629.17,sell,50.0,"pivot_monthly_close,pivot_daily_r2,pivot_weekly_pivot",,,,,ok,9.5,100.0,9.0,,,,10389.0,,,NORMAL,
91,2,2.0,2:2,ANALYSIS_TRIGGER,013108ec,BTCUSDT,1788397860000,2026-09-03T01:11:00.000Z,77259.2,14.4196,9.1908,5.2288,3.962,2102.0,59.153,contextual_snapshot.ohlc.(close_time-open_time),0.24376785623721536,0.006859942911512845,77270.0,77276.6,77233.5,77259.2,77262.6,77234.95,77234.9,77235.0,0.1,0.000129,0.0129,1742828.39,308795.27,0.699,0.699,5.644,,0.9097,7623.0,POOR,1788397866348.0,-6348.0,739910.34,135315.72,0.6908,6.468,50.0,77234.9,9.58,77235.0,1.752,,,77238.2,0.615,,,77239.8,0.98,3.53633,3.25161,0.0,3.25161,0.28472,0.0,3.25161,0,1,58.0,ACCUMULATING,True,0.0,77070.0,77004.0,77135.0,24.49,33.03,16.08,77167.58,buy,74.0,"vp_hvn,vp_vah,ema_21_15m,orderbook_bid_wall,pivot_daily_pivot",77068.01,buy,56.0,"vp_poc,vp_hvn,vp_val",77299.21,sell,53.0,"ema_21_1h,pivot_daily_close,vp_hvn",78629.17,sell,50.0,"pivot_monthly_close,pivot_daily_r2,pivot_weekly_pivot",,,,,ok,9.5,100.0,9.0,,,,7623.0,,,NORMAL,
92,3,1.0,3:1,ANALYSIS_TRIGGER,4b1e55a4,BTCUSDT,1788399780000,2026-09-03T01:43:00.000Z,77457.2,5.7881,3.7657,2.0224,1.7434,686.0,21.186,contextual_snapshot.ohlc.(close_time-open_time),0.273204002643255,0.008437463556851313,77435.4,77457.2,77435.4,77457.2,77446.1,77423.25,77423.2,77423.3,0.1,0.000129,0.0129,2908369.31,197599.97,0.8728,0.8728,14.7185,,0.9618,16250.0,CRITICAL,1788399781685.0,-1685.0,864739.72,4722.82,0.9891,89.905,50.0,77423.2,11.169,77429.9,0.254,77423.1,3.731,77430.0,1.002,77422.8,15.832,77430.2,0.653,1.81188,0.0,0.0,0.0,1.81188,0.0,0.0,0,1,40.0,ACCUMULATING,False,0.0,77400.0,77114.0,77517.0,7.38,44.31,-7.72,77400.68,buy,60.0,"orderbook_bid_wall,vp_poc,vp_hvn",77076.2,buy,58.0,"pivot_daily_pivot,vp_val,vp_hvn",77293.94,buy,54.0,"ema_21_1h,pivot_daily_close,ema_21_15m,vp_hvn",78629.17,sell,51.0,"pivot_daily_r2,pivot_monthly_close,pivot_weekly_pivot",,,,,ok,9.25,100.0,8.5,,,,16250.0,,,NORMAL,
93,3,2.0,3:2,ANALYSIS_TRIGGER,d6fbc015,BTCUSDT,1788399840000,2026-09-03T01:44:00.000Z,77370.1,11.9557,2.6701,9.2856,-6.6155,3191.0,58.286,contextual_snapshot.ohlc.(close_time-open_time),0.20512129842500773,0.0037466938263867127,77457.2,77464.2,77362.0,77370.1,77428.0,77335.65,77335.6,77335.7,0.1,0.000129,0.0129,1467543.6,503317.61,0.4892,0.4892,2.9157,,0.8383,2078.0,DEGRADED,1788399841190.0,-1190.0,474221.9,234404.51,0.3384,1.943,50.0,77335.6,6.132,77335.7,3.031,77330.4,3.712,77341.2,1.236,,,,,-4.8955,0.0,1.18345,-1.18345,-3.71205,0.0,-1.18345,0,1,-9.0,NEUTRAL,False,0.0,77400.0,77114.0,77517.0,-3.86,33.1,-18.99,77293.74,buy,68.0,"ema_21_15m,ema_21_1h,orderbook_bid_wall,pivot_daily_close,vp_hvn",77076.2,buy,58.0,"pivot_daily_pivot,vp_val,vp_hvn",78629.17,sell,50.0,"pivot_daily_r2,pivot_monthly_close,pivot_weekly_pivot",77403.67,sell,48.0,"vp_poc,vp_hvn",,,,,ok,9.75,100.0,9.5,,,,2078.0,,,NORMAL,
94,3,3.0,3:3,ANALYSIS_TRIGGER,275b2628,BTCUSDT,1788399900000,2026-09-03T01:45:00.000Z,77350.5,3.6534,1.6536,1.9999,-0.3463,877.0,59.639,contextual_snapshot.ohlc.(close_time-open_time),0.06125857241067087,0.004165792474344356,77370.1,77370.1,77350.5,77350.5,77364.6,77308.65,77308.6,77308.7,0.1,0.000129,0.0129,2710036.67,382147.23,0.7528,0.7528,7.0916,,0.9258,3463.0,DEGRADED,1788399902374.0,-2374.0,1005243.73,153303.15,0.7354,6.988,50.0,77308.6,13.003,77308.7,1.983,,,,,,,,,-5.36781,0.0,1.18345,-1.18345,-4.18436,0.0,-1.18345,0,1,17.0,ACCUMULATING,True,0.0,77400.0,77114.0,77517.0,-6.4,30.58,-21.53,77290.48,buy,68.0,"ema_21_15m,ema_21_1h,orderbook_bid_wall,pivot_daily_close,vp_hvn",77076.2,buy,58.0,"pivot_daily_pivot,vp_val,vp_hvn",78629.17,sell,50.0,"pivot_daily_r2,pivot_monthly_close,pivot_weekly_pivot",77403.67,sell,48.0,"vp_poc,vp_hvn",,,,,ok,9.75,100.0,9.5,,,,3463.0,,,NORMAL,
